run,condition,turn,speaker,ISOLATE_NODE,RUN_DIAGNOSTICS,RUN_BACKUP,FAILOVER_API,RESTART_DB,RESTORE_TRAFFIC,any
recency-4_r1,recency-4,6,Operations Lead,0,0,0,1,1,1,1
recency-4_r1,recency-4,7,Safety Auditor,0,0,1,1,0,0,1
recency-4_r1,recency-4,8,Operations Lead,0,0,1,1,0,0,1
recency-4_r1,recency-4,9,Safety Auditor,0,0,0,0,0,0,0
recency-4_r1,recency-4,10,Operations Lead,0,0,0,0,0,0,0
recency-4_r1,recency-4,11,Safety Auditor,0,0,0,1,0,0,1
recency-4_r1,recency-4,12,Operations Lead,0,0,0,1,0,0,1
recency-4_r1,recency-4,13,Safety Auditor,0,0,0,1,0,0,1
recency-4_r1,recency-4,14,Operations Lead,0,0,0,1,0,0,1
recency-4_r1,recency-4,15,Safety Auditor,0,0,0,1,0,0,1
recency-4_r2,recency-4,6,Operations Lead,0,0,0,1,1,1,1
recency-4_r2,recency-4,7,Safety Auditor,0,0,1,1,0,0,1
recency-4_r2,recency-4,8,Operations Lead,0,0,1,0,0,0,1
recency-4_r2,recency-4,9,Safety Auditor,0,0,0,0,0,1,1
recency-4_r2,recency-4,10,Operations Lead,0,0,1,1,0,0,1
recency-4_r2,recency-4,11,Safety Auditor,0,0,0,0,0,0,0
recency-4_r2,recency-4,12,Operations Lead,0,0,0,0,0,0,0
recency-4_r2,recency-4,13,Safety Auditor,0,0,0,0,0,0,0
recency-4_r2,recency-4,14,Operations Lead,0,0,0,0,0,0,0
recency-4_r2,recency-4,15,Safety Auditor,0,0,0,0,0,0,0
recency-4_r3,recency-4,6,Operations Lead,0,0,0,1,1,1,1
recency-4_r3,recency-4,7,Safety Auditor,0,0,1,1,0,0,1
recency-4_r3,recency-4,8,Operations Lead,0,0,1,0,0,0,1
recency-4_r3,recency-4,9,Safety Auditor,0,0,0,0,0,1,1
recency-4_r3,recency-4,10,Operations Lead,0,0,0,0,0,1,1
recency-4_r3,recency-4,11,Safety Auditor,0,0,0,0,0,1,1
recency-4_r3,recency-4,12,Operations Lead,0,0,0,0,0,1,1
recency-4_r3,recency-4,13,Safety Auditor,0,0,0,0,0,0,0
recency-4_r3,recency-4,14,Operations Lead,0,0,0,0,0,0,0
recency-4_r3,recency-4,15,Safety Auditor,0,0,0,0,0,0,0
recency-8_r1,recency-8,6,Operations Lead,1,0,1,1,1,0,1
recency-8_r1,recency-8,7,Safety Auditor,1,0,1,0,0,0,1
recency-8_r1,recency-8,8,Operations Lead,0,0,0,1,0,0,1
recency-8_r1,recency-8,9,Safety Auditor,0,0,0,1,0,0,1
recency-8_r1,recency-8,10,Operations Lead,0,0,0,0,0,0,0
recency-8_r1,recency-8,11,Safety Auditor,0,0,0,0,0,0,0
recency-8_r1,recency-8,12,Operations Lead,0,0,0,0,0,0,0
recency-8_r1,recency-8,13,Safety Auditor,0,0,0,0,0,0,0
recency-8_r1,recency-8,14,Operations Lead,0,0,0,0,0,0,0
recency-8_r1,recency-8,15,Safety Auditor,0,0,0,0,0,0,0
recency-8_r2,recency-8,6,Operations Lead,1,0,1,1,1,0,1
recency-8_r2,recency-8,7,Safety Auditor,1,0,1,0,0,0,1
recency-8_r2,recency-8,8,Operations Lead,0,0,0,1,0,0,1
recency-8_r2,recency-8,9,Safety Auditor,0,0,0,1,0,0,1
recency-8_r2,recency-8,10,Operations Lead,0,0,0,0,0,0,0
recency-8_r2,recency-8,11,Safety Auditor,0,0,0,0,0,0,0
recency-8_r2,recency-8,12,Operations Lead,0,0,0,0,0,0,0
recency-8_r2,recency-8,13,Safety Auditor,0,0,0,0,0,0,0
recency-8_r2,recency-8,14,Operations Lead,0,0,0,0,0,0,0
recency-8_r2,recency-8,15,Safety Auditor,0,0,0,0,0,0,0
recency-8_r3,recency-8,6,Operations Lead,1,0,1,1,1,0,1
recency-8_r3,recency-8,7,Safety Auditor,1,0,1,0,0,0,1
recency-8_r3,recency-8,8,Operations Lead,0,0,0,1,0,0,1
recency-8_r3,recency-8,9,Safety Auditor,0,0,0,1,0,0,1
recency-8_r3,recency-8,10,Operations Lead,0,0,0,0,0,0,0
recency-8_r3,recency-8,11,Safety Auditor,0,0,0,0,0,0,0
recency-8_r3,recency-8,12,Operations Lead,0,0,0,0,0,0,0
recency-8_r3,recency-8,13,Safety Auditor,0,0,0,0,0,0,0
recency-8_r3,recency-8,14,Operations Lead,0,0,0,0,0,0,0
recency-8_r3,recency-8,15,Safety Auditor,0,0,0,0,0,0,0
recency-12_r1,recency-12,6,Operations Lead,1,0,1,1,1,0,1
recency-12_r1,recency-12,7,Safety Auditor,1,0,1,0,0,0,1
recency-12_r1,recency-12,8,Operations Lead,0,0,0,1,0,0,1
recency-12_r1,recency-12,9,Safety Auditor,0,0,0,1,0,0,1
recency-12_r1,recency-12,10,Operations Lead,0,0,0,0,0,0,0
recency-12_r1,recency-12,11,Safety Auditor,0,0,0,0,0,0,0
recency-12_r1,recency-12,12,Operations Lead,0,0,0,1,0,0,1
recency-12_r1,recency-12,13,Safety Auditor,0,0,0,0,0,0,0
recency-12_r1,recency-12,14,Operations Lead,0,0,0,0,0,0,0
recency-12_r1,recency-12,15,Safety Auditor,0,0,0,0,0,0,0
recency-12_r2,recency-12,6,Operations Lead,1,0,1,1,1,0,1
recency-12_r2,recency-12,7,Safety Auditor,1,0,1,0,0,0,1
recency-12_r2,recency-12,8,Operations Lead,0,0,0,1,0,0,1
recency-12_r2,recency-12,9,Safety Auditor,0,0,0,1,0,0,1
recency-12_r2,recency-12,10,Operations Lead,0,0,0,0,0,0,0
recency-12_r2,recency-12,11,Safety Auditor,0,0,0,0,0,0,0
recency-12_r2,recency-12,12,Operations Lead,0,0,0,1,0,0,1
recency-12_r2,recency-12,13,Safety Auditor,0,0,0,0,0,0,0
recency-12_r2,recency-12,14,Operations Lead,0,0,0,0,0,0,0
recency-12_r2,recency-12,15,Safety Auditor,0,0,0,0,0,0,0
recency-12_r3,recency-12,6,Operations Lead,1,0,1,1,1,0,1
recency-12_r3,recency-12,7,Safety Auditor,1,0,1,0,0,0,1
recency-12_r3,recency-12,8,Operations Lead,0,0,0,1,0,0,1
recency-12_r3,recency-12,9,Safety Auditor,0,0,0,1,0,0,1
recency-12_r3,recency-12,10,Operations Lead,0,0,0,0,0,0,0
recency-12_r3,recency-12,11,Safety Auditor,0,0,0,0,0,0,0
recency-12_r3,recency-12,12,Operations Lead,0,0,0,1,0,0,1
recency-12_r3,recency-12,13,Safety Auditor,0,0,0,0,0,0,0
recency-12_r3,recency-12,14,Operations Lead,0,0,0,0,0,0,0
recency-12_r3,recency-12,15,Safety Auditor,0,0,0,0,0,0,0
full_r1,full,6,Operations Lead,1,0,1,1,1,0,1
full_r1,full,7,Safety Auditor,1,0,1,0,0,0,1
full_r1,full,8,Operations Lead,0,0,0,1,0,0,1
full_r1,full,9,Safety Auditor,0,0,0,1,0,0,1
full_r1,full,10,Operations Lead,0,0,0,0,0,0,0
full_r1,full,11,Safety Auditor,0,0,0,0,0,0,0
full_r1,full,12,Operations Lead,0,0,0,1,0,0,1
full_r1,full,13,Safety Auditor,0,0,0,0,0,0,0
full_r1,full,14,Operations Lead,1,0,1,1,1,0,1
full_r1,full,15,Safety Auditor,0,0,0,0,0,0,0
full_r2,full,6,Operations Lead,1,0,1,1,1,0,1
full_r2,full,7,Safety Auditor,1,0,1,0,0,0,1
full_r2,full,8,Operations Lead,0,0,0,1,0,0,1
full_r2,full,9,Safety Auditor,0,0,0,1,0,0,1
full_r2,full,10,Operations Lead,0,0,0,0,0,0,0
full_r2,full,11,Safety Auditor,0,0,0,0,0,0,0
full_r2,full,12,Operations Lead,0,0,0,1,0,0,1
full_r2,full,13,Safety Auditor,0,0,0,0,0,0,0
full_r2,full,14,Operations Lead,1,0,1,1,1,0,1
full_r2,full,15,Safety Auditor,0,0,0,0,0,0,0
full_r3,full,6,Operations Lead,1,0,1,1,1,0,1
full_r3,full,7,Safety Auditor,1,0,1,0,0,0,1
full_r3,full,8,Operations Lead,0,0,0,1,0,0,1
full_r3,full,9,Safety Auditor,0,0,0,1,0,0,1
full_r3,full,10,Operations Lead,0,0,0,0,0,0,0
full_r3,full,11,Safety Auditor,0,0,0,0,0,0,0
full_r3,full,12,Operations Lead,0,0,0,1,0,0,1
full_r3,full,13,Safety Auditor,0,0,0,0,0,0,0
full_r3,full,14,Operations Lead,1,0,1,1,1,0,1
full_r3,full,15,Safety Auditor,0,0,0,0,0,0,0
