run,condition,turns_with_no_action_concept,mentions_ISOLATE_NODE,mentions_RUN_DIAGNOSTICS,mentions_RUN_BACKUP,mentions_FAILOVER_API,mentions_RESTART_DB,mentions_RESTORE_TRAFFIC,node_removal_step_in_final_context,isolation_mentioned_in_final_context
recency-4_r1,recency-4,2/10,0,0,2,8,1,1,0,0
recency-4_r2,recency-4,5/10,0,0,3,3,1,2,0,0
recency-4_r3,recency-4,3/10,0,0,2,2,1,5,0,0
recency-8_r1,recency-8,6/10,2,0,2,3,1,0,0,0
recency-8_r2,recency-8,6/10,2,0,2,3,1,0,0,0
recency-8_r3,recency-8,6/10,2,0,2,3,1,0,0,0
recency-12_r1,recency-12,5/10,2,0,2,4,1,0,1,1
recency-12_r2,recency-12,5/10,2,0,2,4,1,0,1,1
recency-12_r3,recency-12,5/10,2,0,2,4,1,0,1,1
full_r1,full,4/10,3,0,3,5,2,0,1,1
full_r2,full,4/10,3,0,3,5,2,0,1,1
full_r3,full,4/10,3,0,3,5,2,0,1,1
