run,condition,C1,C1_source_visible,C2,C2_source_visible,C3,C3_source_visible,C4,C4_source_visible,C5,C5_source_visible,C6,C6_source_visible,C7,C7_source_visible
recency-4_r1,recency-4,0,0,1,0,0,0,0,0,0,0,0,0,0,0
recency-4_r2,recency-4,1,0,1,0,0,0,0,0,1,0,0,0,0,0
recency-4_r3,recency-4,0,0,0,0,0,0,0,0,1,0,0,0,0,0
recency-8_r1,recency-8,0,0,0,0,0,0,0,0,1,0,0,0,0,0
recency-8_r2,recency-8,0,0,0,0,0,0,0,0,1,0,0,0,0,0
recency-8_r3,recency-8,0,0,0,0,0,0,0,0,1,0,0,0,0,0
recency-12_r1,recency-12,0,0,0,0,0,0,0,0,1,1,0,1,1,1
recency-12_r2,recency-12,0,0,0,0,0,0,0,0,1,1,0,1,1,1
recency-12_r3,recency-12,0,0,0,0,0,0,0,0,1,1,0,1,1,1
full_r1,full,0,1,0,1,0,1,0,1,1,1,0,1,1,1
full_r2,full,0,1,0,1,0,1,0,1,1,1,0,1,1,1
full_r3,full,0,1,0,1,0,1,0,1,1,1,0,1,1,1
