run,condition,dialogue_hash,plan_text_hash,plan_actions_hash,first_turn_differing_from_full_r1
recency-4_r1,recency-4,f0993572,2c333a2f,db92cd03,6
recency-4_r2,recency-4,95c48349,7ca10ad0,2c4f31ab,6
recency-4_r3,recency-4,d69561a1,43d934d8,35d41bc4,6
recency-8_r1,recency-8,5599509f,a871263f,46ee4ea5,9
recency-8_r2,recency-8,5599509f,6e8cb327,46ee4ea5,9
recency-8_r3,recency-8,5599509f,6e8cb327,46ee4ea5,9
recency-12_r1,recency-12,83931443,7054a7e8,67852ce9,13
recency-12_r2,recency-12,83931443,7054a7e8,67852ce9,13
recency-12_r3,recency-12,83931443,7054a7e8,67852ce9,13
full_r1,full,d0dd1612,69a4fecb,4cfbacfb,
full_r2,full,d0dd1612,69a4fecb,4cfbacfb,
full_r3,full,d0dd1612,69a4fecb,4cfbacfb,
