case,needs_model,broke,expected,observed,as_designed,evidence,seconds
runaway_loop,False,"goal never reached, 50-turn cap",Budget stops the loop at max_turns,stopped by max_turns after 50 turns; 50 model calls,True,transcripts/failures/runaway_loop.json,0.0
plan_retry_recovers,False,first plan reply is prose,"one corrective retry, then accepted","attempt 1 rejected (no JSON object found), attempt 2 accepted; recall 1.000, violated none, success True",True,transcripts/failures/plan_retry_recovers.json,0.0
plan_retry_gives_up,False,both plan replies are prose,"exactly 2 calls, recorded as parse failure, success False","2 calls, stop_reason parse_failed, plan not parsed (no JSON object found)",True,transcripts/failures/plan_retry_gives_up.json,0.0
plan_no_budget,False,finalisation budget already spent,"no model call, recorded as budget_exhausted","0 calls, stop_reason budget_exhausted, plan not parsed (no attempt made: budget exhausted)",True,transcripts/failures/plan_no_budget.json,0.0
judge_garbage,False,"judge returns prose, then out-of-range JSON",judge verdict empty; deterministic verdict unaffected,"judge errors ['no JSON object found', 'score out of range 1-5: 7'], score None; deterministic verdict unaffected: success True",True,transcripts/failures/judge_garbage.json,0.0
ollama_down,False,model server unreachable,"clear RuntimeError, no result row",RuntimeError: Cannot connect to Ollama at http://localhost:9. (no result row written),True,transcripts/failures/ollama_down.json,4.1
guard_config_diff,False,conditions differ in two settings,experiment refuses to start,refused: conditions differ in more than max_messages: ['agent_b_temperature'],True,transcripts/failures/guard_config_diff.json,0.0
guard_inert,False,windows larger than the dialogue,experiment refuses to start,refused: conditions are INERT at 16 messages,True,transcripts/failures/guard_inert.json,0.0
token_cap_full,True,"max_tokens=2500, full history",stops early on max_tokens; plan still requested,"stopped by max_tokens after 5 of 10 turns (2839 tokens); a plan was still requested on its own budget: recall 0.857, violated ['C5'], success False",True,transcripts/failures/token_cap_full.json,18.6
token_cap_recency4,True,"max_tokens=2500, window 4","stops on max_tokens, but later than full history","stopped by max_tokens after 7 of 10 turns (2863 tokens); a plan was still requested on its own budget: recall 0.571, violated ['C1', 'C2', 'C5'], success False",True,transcripts/failures/token_cap_recency4.json,19.1
wall_clock_cap,True,max_seconds=3,stops on max_seconds,stopped by max_seconds after 2 turns at 4.788s: the cap overran by 1.8s because a call in flight is never interrupted,True,transcripts/failures/wall_clock_cap.json,7.2
window_zero,True,window=0: no history at all,(probe) how much does the plan depend on context?,"10 turns with no history; recall 0.571, violated ['C1', 'C2', 'C5'], success False; actions ['RUN_DIAGNOSTICS', 'RUN_BACKUP', 'RESTART_DB', 'FAILOVER_API', 'RESTORE_TRAFFIC']",finding,transcripts/failures/window_zero.json,25.6
context_overflow,True,num_ctx=512 with full history,(probe) what does Ollama do with a prompt that does not fit?,"prompt tokens Ollama reports per turn [402, 459, 492, 484, 494, 478, 459, 478, 472, 507], final plan 504: capped near 512 with no error. The engine believes it sent full history; recall 0.429, violated ['C1', 'C2', 'C4', 'C5'], success False",finding,transcripts/failures/context_overflow.json,30.7
overflow_probe,True,num_ctx=256 with a planted secret and codename,(probe) which messages does Ollama drop?,"num_ctx 4096: 1341 tokens, both facts kept; num_ctx 256: 219 tokens, system prompt kept=True, first user message kept=False",finding,transcripts/failures/overflow_probe.json,11.5
rules_in_system_prompt,True,rules moved into system prompts,(probe) do the rules hold when they can never be forgotten?,"window 4 but every rule always visible: recall 0.857, violated ['C5'], success False; actions ['ISOLATE_NODE', 'RUN_BACKUP', 'RESTART_DB', 'FAILOVER_API', 'RESTORE_TRAFFIC']",finding,transcripts/failures/rules_in_system_prompt.json,30.9
