arm,roots,msgs,n,source,flip,neither,flip_rate,valence
bare,0,2,36,10,26,0,0.7222,adopted false claim
filler,0,4,36,18,18,0,0.5,adopted false claim
same_root,1,4,36,27,9,0,0.25,adopted false claim
indep_root,3,4,36,27,9,0,0.25,adopted false claim
same_root_nospk,1,4,36,29,7,0,0.1944,adopted false claim
indep_root_nospk,3,4,36,16,20,0,0.5556,adopted false claim
bare_super,0,2,36,0,36,0,1.0,accepted valid update
same_root_super,1,4,36,0,36,0,1.0,accepted valid update
indep_root_super,3,4,36,1,35,0,0.9722,accepted valid update
