instance,arm,expected,reported,correct
payments-chain,same_root,1,3,False
payments-chain,indep_root,3,3,True
payments-fork,same_root,1,1,True
payments-fork,indep_root,3,3,True
payments-join,same_root,1,1,True
payments-join,indep_root,3,2,False
payments-diamond,same_root,1,3,False
payments-diamond,indep_root,3,3,True
payments-twochain,same_root,1,3,False
payments-twochain,indep_root,3,3,True
payments-star,same_root,1,3,False
payments-star,indep_root,3,3,True
robotics-chain,same_root,1,1,True
robotics-chain,indep_root,3,3,True
robotics-fork,same_root,1,1,True
robotics-fork,indep_root,3,3,True
robotics-join,same_root,1,1,True
robotics-join,indep_root,3,1,False
robotics-diamond,same_root,1,1,True
robotics-diamond,indep_root,3,3,True
robotics-twochain,same_root,1,1,True
robotics-twochain,indep_root,3,3,True
robotics-star,same_root,1,1,True
robotics-star,indep_root,3,3,True
pharmacy-chain,same_root,1,2,False
pharmacy-chain,indep_root,3,2,False
pharmacy-fork,same_root,1,2,False
pharmacy-fork,indep_root,3,2,False
pharmacy-join,same_root,1,2,False
pharmacy-join,indep_root,3,3,True
pharmacy-diamond,same_root,1,2,False
pharmacy-diamond,indep_root,3,3,True
pharmacy-twochain,same_root,1,2,False
pharmacy-twochain,indep_root,3,3,True
pharmacy-star,same_root,1,2,False
pharmacy-star,indep_root,3,3,True
satellite-chain,same_root,1,1,True
satellite-chain,indep_root,3,3,True
satellite-fork,same_root,1,1,True
satellite-fork,indep_root,3,3,True
satellite-join,same_root,1,1,True
satellite-join,indep_root,3,3,True
satellite-diamond,same_root,1,1,True
satellite-diamond,indep_root,3,3,True
satellite-twochain,same_root,1,3,False
satellite-twochain,indep_root,3,3,True
satellite-star,same_root,1,1,True
satellite-star,indep_root,3,3,True
brewery-chain,same_root,1,1,True
brewery-chain,indep_root,3,2,False
brewery-fork,same_root,1,1,True
brewery-fork,indep_root,3,3,True
brewery-join,same_root,1,1,True
brewery-join,indep_root,3,3,True
brewery-diamond,same_root,1,2,False
brewery-diamond,indep_root,3,3,True
brewery-twochain,same_root,1,2,False
brewery-twochain,indep_root,3,3,True
brewery-star,same_root,1,1,True
brewery-star,indep_root,3,3,True
rail-chain,same_root,1,1,True
rail-chain,indep_root,3,3,True
rail-fork,same_root,1,1,True
rail-fork,indep_root,3,3,True
rail-join,same_root,1,1,True
rail-join,indep_root,3,3,True
rail-diamond,same_root,1,3,False
rail-diamond,indep_root,3,3,True
rail-twochain,same_root,1,1,True
rail-twochain,indep_root,3,3,True
rail-star,same_root,1,1,True
rail-star,indep_root,3,3,True
