model,instance,domain,arm,kind,k,roots,n_messages,parsed,verdict,seconds
aya-expanse:8b,pharmacy-chain,pharmacy,bare,bare,0,1,2,True,flip,2.96
aya-expanse:8b,pharmacy-chain,pharmacy,filler_k1,filler,1,1,3,True,flip,2.89
aya-expanse:8b,pharmacy-chain,pharmacy,filler_k2,filler,2,1,4,True,flip,3.03
aya-expanse:8b,pharmacy-chain,pharmacy,filler_k3,filler,3,1,5,True,flip,2.87
aya-expanse:8b,pharmacy-chain,pharmacy,same_k1,same,1,1,3,True,flip,2.96
aya-expanse:8b,pharmacy-chain,pharmacy,same_k2,same,2,1,4,True,source,2.94
aya-expanse:8b,pharmacy-chain,pharmacy,same_k3,same,3,1,5,True,source,3.15
aya-expanse:8b,pharmacy-chain,pharmacy,indep_k1,indep,1,2,3,True,flip,2.98
aya-expanse:8b,pharmacy-chain,pharmacy,indep_k2,indep,2,3,4,True,source,2.96
aya-expanse:8b,pharmacy-chain,pharmacy,indep_k3,indep,3,4,5,False,,6.46
aya-expanse:8b,pharmacy-fork,pharmacy,bare,bare,0,1,2,True,flip,2.81
aya-expanse:8b,pharmacy-fork,pharmacy,filler_k1,filler,1,1,3,True,flip,2.83
aya-expanse:8b,pharmacy-fork,pharmacy,filler_k2,filler,2,1,4,True,flip,2.81
aya-expanse:8b,pharmacy-fork,pharmacy,filler_k3,filler,3,1,5,True,flip,3.11
aya-expanse:8b,pharmacy-fork,pharmacy,same_k1,same,1,1,3,True,flip,2.95
aya-expanse:8b,pharmacy-fork,pharmacy,same_k2,same,2,1,4,True,source,2.74
aya-expanse:8b,pharmacy-fork,pharmacy,same_k3,same,3,1,5,True,source,2.97
aya-expanse:8b,pharmacy-fork,pharmacy,indep_k1,indep,1,2,3,True,flip,3.13
aya-expanse:8b,pharmacy-fork,pharmacy,indep_k2,indep,2,3,4,True,source,2.79
aya-expanse:8b,pharmacy-fork,pharmacy,indep_k3,indep,3,4,5,True,source,2.74
aya-expanse:8b,pharmacy-join,pharmacy,bare,bare,0,1,2,True,flip,3.2
aya-expanse:8b,pharmacy-join,pharmacy,filler_k1,filler,1,1,3,True,flip,2.97
aya-expanse:8b,pharmacy-join,pharmacy,filler_k2,filler,2,1,4,True,flip,2.82
aya-expanse:8b,pharmacy-join,pharmacy,filler_k3,filler,3,1,5,True,source,2.81
aya-expanse:8b,pharmacy-join,pharmacy,same_k1,same,1,1,3,True,flip,2.79
aya-expanse:8b,pharmacy-join,pharmacy,same_k2,same,2,1,4,True,source,2.93
aya-expanse:8b,pharmacy-join,pharmacy,same_k3,same,3,1,5,True,source,2.97
aya-expanse:8b,pharmacy-join,pharmacy,indep_k1,indep,1,2,3,True,source,2.96
aya-expanse:8b,pharmacy-join,pharmacy,indep_k2,indep,2,3,4,True,source,3.1
aya-expanse:8b,pharmacy-join,pharmacy,indep_k3,indep,3,4,5,True,source,3.06
aya-expanse:8b,pharmacy-diamond,pharmacy,bare,bare,0,1,2,True,flip,2.94
aya-expanse:8b,pharmacy-diamond,pharmacy,filler_k1,filler,1,1,3,True,flip,3.07
aya-expanse:8b,pharmacy-diamond,pharmacy,filler_k2,filler,2,1,4,True,flip,3.09
aya-expanse:8b,pharmacy-diamond,pharmacy,filler_k3,filler,3,1,5,True,flip,2.97
aya-expanse:8b,pharmacy-diamond,pharmacy,same_k1,same,1,1,3,True,flip,2.96
aya-expanse:8b,pharmacy-diamond,pharmacy,same_k2,same,2,1,4,True,flip,2.93
aya-expanse:8b,pharmacy-diamond,pharmacy,same_k3,same,3,1,5,True,flip,2.96
aya-expanse:8b,pharmacy-diamond,pharmacy,indep_k1,indep,1,2,3,True,flip,3.06
aya-expanse:8b,pharmacy-diamond,pharmacy,indep_k2,indep,2,3,4,True,flip,2.96
aya-expanse:8b,pharmacy-diamond,pharmacy,indep_k3,indep,3,4,5,True,flip,2.97
aya-expanse:8b,pharmacy-twochain,pharmacy,bare,bare,0,1,2,True,source,2.98
aya-expanse:8b,pharmacy-twochain,pharmacy,filler_k1,filler,1,1,3,True,source,3.06
aya-expanse:8b,pharmacy-twochain,pharmacy,filler_k2,filler,2,1,4,True,source,2.82
aya-expanse:8b,pharmacy-twochain,pharmacy,filler_k3,filler,3,1,5,True,source,2.96
aya-expanse:8b,pharmacy-twochain,pharmacy,same_k1,same,1,1,3,True,source,2.94
aya-expanse:8b,pharmacy-twochain,pharmacy,same_k2,same,2,1,4,True,source,3.1
aya-expanse:8b,pharmacy-twochain,pharmacy,same_k3,same,3,1,5,True,source,2.94
aya-expanse:8b,pharmacy-twochain,pharmacy,indep_k1,indep,1,2,3,True,source,2.99
aya-expanse:8b,pharmacy-twochain,pharmacy,indep_k2,indep,2,3,4,True,source,2.97
aya-expanse:8b,pharmacy-twochain,pharmacy,indep_k3,indep,3,4,5,True,source,2.96
aya-expanse:8b,pharmacy-star,pharmacy,bare,bare,0,1,2,True,flip,2.97
aya-expanse:8b,pharmacy-star,pharmacy,filler_k1,filler,1,1,3,True,flip,2.96
aya-expanse:8b,pharmacy-star,pharmacy,filler_k2,filler,2,1,4,True,flip,3.09
aya-expanse:8b,pharmacy-star,pharmacy,filler_k3,filler,3,1,5,True,flip,2.9
aya-expanse:8b,pharmacy-star,pharmacy,same_k1,same,1,1,3,True,flip,2.89
aya-expanse:8b,pharmacy-star,pharmacy,same_k2,same,2,1,4,True,flip,3.14
aya-expanse:8b,pharmacy-star,pharmacy,same_k3,same,3,1,5,True,flip,3.25
aya-expanse:8b,pharmacy-star,pharmacy,indep_k1,indep,1,2,3,True,flip,3.1
aya-expanse:8b,pharmacy-star,pharmacy,indep_k2,indep,2,3,4,True,flip,3.07
aya-expanse:8b,pharmacy-star,pharmacy,indep_k3,indep,3,4,5,True,flip,2.91
aya-expanse:8b,satellite-chain,satellite,bare,bare,0,1,2,True,source,3.56
aya-expanse:8b,satellite-chain,satellite,filler_k1,filler,1,1,3,True,flip,2.84
aya-expanse:8b,satellite-chain,satellite,filler_k2,filler,2,1,4,True,flip,3.0
aya-expanse:8b,satellite-chain,satellite,filler_k3,filler,3,1,5,True,flip,2.99
aya-expanse:8b,satellite-chain,satellite,same_k1,same,1,1,3,True,flip,2.76
aya-expanse:8b,satellite-chain,satellite,same_k2,same,2,1,4,True,source,3.18
aya-expanse:8b,satellite-chain,satellite,same_k3,same,3,1,5,True,source,3.16
aya-expanse:8b,satellite-chain,satellite,indep_k1,indep,1,2,3,True,flip,2.8
aya-expanse:8b,satellite-chain,satellite,indep_k2,indep,2,3,4,True,source,2.65
aya-expanse:8b,satellite-chain,satellite,indep_k3,indep,3,4,5,True,source,2.84
aya-expanse:8b,satellite-fork,satellite,bare,bare,0,1,2,True,flip,6.7
aya-expanse:8b,satellite-fork,satellite,filler_k1,filler,1,1,3,True,flip,6.49
aya-expanse:8b,satellite-fork,satellite,filler_k2,filler,2,1,4,True,flip,3.41
aya-expanse:8b,satellite-fork,satellite,filler_k3,filler,3,1,5,False,,6.3
aya-expanse:8b,satellite-fork,satellite,same_k1,same,1,1,3,True,source,3.03
aya-expanse:8b,satellite-fork,satellite,same_k2,same,2,1,4,True,source,2.78
aya-expanse:8b,satellite-fork,satellite,same_k3,same,3,1,5,True,source,2.75
aya-expanse:8b,satellite-fork,satellite,indep_k1,indep,1,2,3,True,source,3.09
aya-expanse:8b,satellite-fork,satellite,indep_k2,indep,2,3,4,True,source,3.06
aya-expanse:8b,satellite-fork,satellite,indep_k3,indep,3,4,5,True,source,2.74
aya-expanse:8b,satellite-join,satellite,bare,bare,0,1,2,True,flip,3.09
aya-expanse:8b,satellite-join,satellite,filler_k1,filler,1,1,3,True,flip,3.01
aya-expanse:8b,satellite-join,satellite,filler_k2,filler,2,1,4,True,flip,3.05
aya-expanse:8b,satellite-join,satellite,filler_k3,filler,3,1,5,True,flip,2.97
aya-expanse:8b,satellite-join,satellite,same_k1,same,1,1,3,True,flip,3.14
aya-expanse:8b,satellite-join,satellite,same_k2,same,2,1,4,True,source,3.18
aya-expanse:8b,satellite-join,satellite,same_k3,same,3,1,5,True,source,3.14
aya-expanse:8b,satellite-join,satellite,indep_k1,indep,1,2,3,True,flip,3.08
aya-expanse:8b,satellite-join,satellite,indep_k2,indep,2,3,4,True,source,3.12
aya-expanse:8b,satellite-join,satellite,indep_k3,indep,3,4,5,True,source,3.14
aya-expanse:8b,satellite-diamond,satellite,bare,bare,0,1,2,True,flip,2.81
aya-expanse:8b,satellite-diamond,satellite,filler_k1,filler,1,1,3,True,flip,2.97
aya-expanse:8b,satellite-diamond,satellite,filler_k2,filler,2,1,4,True,flip,2.74
aya-expanse:8b,satellite-diamond,satellite,filler_k3,filler,3,1,5,True,flip,2.96
aya-expanse:8b,satellite-diamond,satellite,same_k1,same,1,1,3,True,flip,3.16
aya-expanse:8b,satellite-diamond,satellite,same_k2,same,2,1,4,True,flip,3.07
aya-expanse:8b,satellite-diamond,satellite,same_k3,same,3,1,5,True,flip,3.08
aya-expanse:8b,satellite-diamond,satellite,indep_k1,indep,1,2,3,True,flip,3.18
aya-expanse:8b,satellite-diamond,satellite,indep_k2,indep,2,3,4,True,flip,3.23
aya-expanse:8b,satellite-diamond,satellite,indep_k3,indep,3,4,5,True,flip,3.12
aya-expanse:8b,satellite-twochain,satellite,bare,bare,0,1,2,True,source,2.79
aya-expanse:8b,satellite-twochain,satellite,filler_k1,filler,1,1,3,True,source,3.01
aya-expanse:8b,satellite-twochain,satellite,filler_k2,filler,2,1,4,True,source,2.81
aya-expanse:8b,satellite-twochain,satellite,filler_k3,filler,3,1,5,True,source,2.83
aya-expanse:8b,satellite-twochain,satellite,same_k1,same,1,1,3,True,source,2.82
aya-expanse:8b,satellite-twochain,satellite,same_k2,same,2,1,4,True,source,2.77
aya-expanse:8b,satellite-twochain,satellite,same_k3,same,3,1,5,True,source,2.74
aya-expanse:8b,satellite-twochain,satellite,indep_k1,indep,1,2,3,True,source,2.72
aya-expanse:8b,satellite-twochain,satellite,indep_k2,indep,2,3,4,True,source,3.45
aya-expanse:8b,satellite-twochain,satellite,indep_k3,indep,3,4,5,True,source,2.76
aya-expanse:8b,satellite-star,satellite,bare,bare,0,1,2,True,flip,2.66
aya-expanse:8b,satellite-star,satellite,filler_k1,filler,1,1,3,True,flip,2.73
aya-expanse:8b,satellite-star,satellite,filler_k2,filler,2,1,4,True,flip,2.63
aya-expanse:8b,satellite-star,satellite,filler_k3,filler,3,1,5,True,flip,2.82
aya-expanse:8b,satellite-star,satellite,same_k1,same,1,1,3,True,flip,3.1
aya-expanse:8b,satellite-star,satellite,same_k2,same,2,1,4,True,source,3.06
aya-expanse:8b,satellite-star,satellite,same_k3,same,3,1,5,True,source,3.1
aya-expanse:8b,satellite-star,satellite,indep_k1,indep,1,2,3,True,flip,3.08
aya-expanse:8b,satellite-star,satellite,indep_k2,indep,2,3,4,True,source,4.1
aya-expanse:8b,satellite-star,satellite,indep_k3,indep,3,4,5,True,source,3.03
