budget,policy,n_pairs,p_proposal_kept,p_reply_kept,p_reply_kept_given_proposal,orphan_rate,orphan_rate_rejected,p_proposed_only_kept,mean_words_kept
25,recency-25,192,0.203,0.495,1.0,0.0,0.0,0.396,21.9
25,random-25-s0,192,0.333,0.432,0.234,0.255,0.292,0.25,21.7
25,bm25-25,192,0.37,0.438,0.239,0.281,0.333,0.385,21.7
25,dense-25,192,0.479,0.234,0.174,0.396,0.406,0.521,22.0
25,fusion-25-a0.4,192,0.51,0.281,0.235,0.391,0.458,0.438,21.9
35,recency-35,192,0.37,0.661,1.0,0.0,0.0,0.5,32.0
35,random-35-s0,192,0.531,0.568,0.441,0.297,0.333,0.448,31.4
35,bm25-35,192,0.573,0.521,0.364,0.365,0.438,0.583,31.2
35,dense-35,192,0.891,0.151,0.117,0.786,0.865,0.833,31.1
35,fusion-35-a0.4,192,0.818,0.266,0.185,0.667,0.781,0.781,31.4
50,recency-50,192,0.604,0.854,1.0,0.0,0.0,0.688,44.6
50,random-50-s0,192,0.734,0.693,0.66,0.25,0.323,0.729,44.7
50,bm25-50,192,0.755,0.766,0.717,0.214,0.25,0.771,45.1
50,dense-50,192,0.984,0.495,0.487,0.505,0.646,0.927,45.2
50,fusion-50-a0.4,192,0.953,0.531,0.519,0.458,0.594,0.906,45.3
