model,instance,rotation,constraint,n_tokens,score_present,score_absent,delta,prob_present,prob_absent,prob_delta
Qwen/Qwen2.5-7B-Instruct,payments-chain,0,K1,14,-3.457519,-9.244807,5.787289,0.51484096,0.04586334,0.46897762
Qwen/Qwen2.5-7B-Instruct,payments-chain,1,K6,14,-3.80636,-7.992227,4.185868,0.49357057,0.20995717,0.2836134
Qwen/Qwen2.5-7B-Instruct,payments-chain,2,K1,14,-2.944853,-8.747734,5.802881,0.63677204,0.10413389,0.53263815
Qwen/Qwen2.5-7B-Instruct,payments-chain,3,K6,14,-3.651702,-7.812891,4.161189,0.55468738,0.15555289,0.39913449
Qwen/Qwen2.5-7B-Instruct,payments-fork,0,K1,13,-3.748556,-7.961609,4.213053,0.49607015,0.16708015,0.32899
Qwen/Qwen2.5-7B-Instruct,payments-fork,1,K6,14,-3.724169,-7.648835,3.924666,0.54846466,0.19163446,0.35683019
Qwen/Qwen2.5-7B-Instruct,payments-fork,2,K1,13,-4.197831,-8.646936,4.449105,0.52974379,0.15299991,0.37674388
Qwen/Qwen2.5-7B-Instruct,payments-fork,3,K6,14,-3.452033,-7.721985,4.269952,0.57285613,0.16171175,0.41114438
Qwen/Qwen2.5-7B-Instruct,payments-join,0,K6,13,-2.547146,-7.077155,4.530009,0.60002369,0.24737854,0.35264514
Qwen/Qwen2.5-7B-Instruct,payments-join,1,K2,17,-3.019012,-7.727984,4.708973,0.64214218,0.12111284,0.52102934
Qwen/Qwen2.5-7B-Instruct,payments-join,2,K1,14,-2.83472,-6.170894,3.336174,0.59567547,0.25984696,0.33582851
Qwen/Qwen2.5-7B-Instruct,payments-join,3,K2,17,-3.745275,-7.070741,3.325466,0.53391457,0.12947589,0.40443867
Qwen/Qwen2.5-7B-Instruct,payments-diamond,0,K8,17,-3.99889,-5.432645,1.433755,0.49979591,0.35864285,0.14115307
Qwen/Qwen2.5-7B-Instruct,payments-diamond,1,K6,19,-3.661424,-7.012178,3.350754,0.52991521,0.24133733,0.28857788
Qwen/Qwen2.5-7B-Instruct,payments-diamond,2,K8,17,-3.529705,-7.389322,3.859617,0.53935671,0.18348338,0.35587333
Qwen/Qwen2.5-7B-Instruct,payments-diamond,3,K8,17,-3.468211,-4.986434,1.518223,0.51586241,0.33094162,0.18492079
Qwen/Qwen2.5-7B-Instruct,payments-twochain,0,K7,17,-3.458281,-7.227816,3.769535,0.53153956,0.17029266,0.3612469
Qwen/Qwen2.5-7B-Instruct,payments-twochain,1,K4,15,-3.879047,-8.008417,4.12937,0.59718651,0.09257443,0.50461208
Qwen/Qwen2.5-7B-Instruct,payments-twochain,2,K7,17,-3.956011,-8.133792,4.177781,0.5292381,0.13325952,0.39597858
Qwen/Qwen2.5-7B-Instruct,payments-twochain,3,K4,15,-3.425364,-7.397249,3.971885,0.57555532,0.22361816,0.35193716
Qwen/Qwen2.5-7B-Instruct,payments-star,0,K6,13,-3.026639,-8.523532,5.496893,0.59460181,0.05744002,0.53716179
Qwen/Qwen2.5-7B-Instruct,payments-star,1,K6,13,-3.529322,-8.882303,5.352982,0.56305742,0.08372019,0.47933723
Qwen/Qwen2.5-7B-Instruct,payments-star,2,K1,17,-3.13341,-8.243325,5.109915,0.66208065,0.11394238,0.54813827
Qwen/Qwen2.5-7B-Instruct,payments-star,3,K7,18,-3.227967,-7.349768,4.121801,0.52826655,0.1901691,0.33809745
Qwen/Qwen2.5-7B-Instruct,robotics-chain,0,K1,18,-3.143222,-6.329534,3.186312,0.52661079,0.14225243,0.38435836
Qwen/Qwen2.5-7B-Instruct,robotics-chain,1,K6,14,-3.499342,-7.170679,3.671336,0.55189204,0.13616374,0.4157283
Qwen/Qwen2.5-7B-Instruct,robotics-chain,2,K1,18,-2.950065,-7.558373,4.608308,0.58363557,0.09749521,0.48614036
Qwen/Qwen2.5-7B-Instruct,robotics-chain,3,K6,14,-4.1982,-7.484348,3.286148,0.48304757,0.15773995,0.32530762
Qwen/Qwen2.5-7B-Instruct,robotics-fork,0,K6,18,-3.080586,-5.464537,2.38395,0.55809385,0.34155533,0.21653852
Qwen/Qwen2.5-7B-Instruct,robotics-fork,1,K6,18,-3.655017,-4.381426,0.726408,0.55967814,0.33858672,0.22109142
Qwen/Qwen2.5-7B-Instruct,robotics-fork,2,K1,17,-3.12865,-7.822982,4.694331,0.58563519,0.12764011,0.45799507
Qwen/Qwen2.5-7B-Instruct,robotics-fork,3,K6,18,-2.921803,-7.541755,4.619952,0.59088737,0.13074864,0.46013872
Qwen/Qwen2.5-7B-Instruct,robotics-join,0,K2,14,-3.354142,-6.521657,3.167515,0.59080124,0.25462687,0.33617437
Qwen/Qwen2.5-7B-Instruct,robotics-join,1,K1,13,-4.115479,-6.152503,2.037023,0.45523483,0.20636126,0.24887356
Qwen/Qwen2.5-7B-Instruct,robotics-join,2,K6,15,-4.272039,-8.05891,3.786871,0.53153545,0.1543728,0.37716265
Qwen/Qwen2.5-7B-Instruct,robotics-join,3,K6,15,-3.43308,-8.157812,4.724732,0.50553948,0.09999572,0.40554375
Qwen/Qwen2.5-7B-Instruct,robotics-diamond,0,K8,17,-3.83826,-7.690784,3.852523,0.5874477,0.21031941,0.37712829
Qwen/Qwen2.5-7B-Instruct,robotics-diamond,1,K1,15,-3.424863,-6.050046,2.625183,0.58872902,0.36239499,0.22633404
Qwen/Qwen2.5-7B-Instruct,robotics-diamond,2,K8,17,-3.984509,-7.096347,3.111839,0.53554142,0.17188001,0.36366141
Qwen/Qwen2.5-7B-Instruct,robotics-diamond,3,K8,17,-3.943364,-7.343956,3.400591,0.44578648,0.18205188,0.26373459
Qwen/Qwen2.5-7B-Instruct,robotics-twochain,0,K4,19,-3.311948,-6.128315,2.816367,0.56801516,0.23150964,0.33650552
Qwen/Qwen2.5-7B-Instruct,robotics-twochain,1,K1,14,-3.661259,-7.782475,4.121216,0.56419212,0.10170175,0.46249036
Qwen/Qwen2.5-7B-Instruct,robotics-twochain,2,K7,14,-3.515116,-8.157375,4.642259,0.5211336,0.04355142,0.47758218
Qwen/Qwen2.5-7B-Instruct,robotics-twochain,3,K4,19,-4.095666,-6.440633,2.344967,0.49889594,0.15208662,0.34680933
Qwen/Qwen2.5-7B-Instruct,robotics-star,0,K1,17,-3.803715,-7.305505,3.50179,0.57331073,0.1356916,0.43761913
Qwen/Qwen2.5-7B-Instruct,robotics-star,1,K6,15,-3.730307,-7.830246,4.09994,0.5754568,0.09965435,0.47580244
Qwen/Qwen2.5-7B-Instruct,robotics-star,2,K7,15,-4.260845,-7.994934,3.734089,0.35883886,0.14238849,0.21645036
Qwen/Qwen2.5-7B-Instruct,robotics-star,3,K7,15,-3.440951,-7.790165,4.349214,0.66846031,0.13738184,0.53107847
Qwen/Qwen2.5-7B-Instruct,pharmacy-chain,0,K1,14,-3.393834,-8.664084,5.270251,0.54505008,0.12433893,0.42071115
Qwen/Qwen2.5-7B-Instruct,pharmacy-chain,1,K6,19,-3.493354,-7.572316,4.078962,0.55517977,0.14672291,0.40845686
Qwen/Qwen2.5-7B-Instruct,pharmacy-chain,2,K1,14,-3.97257,-9.857451,5.884882,0.48994344,0.08461811,0.40532533
Qwen/Qwen2.5-7B-Instruct,pharmacy-chain,3,K6,19,-3.932619,-8.013878,4.081259,0.52079022,0.11411785,0.40667237
Qwen/Qwen2.5-7B-Instruct,pharmacy-fork,0,K6,18,-3.81023,-7.37763,3.5674,0.53734803,0.17988661,0.35746142
Qwen/Qwen2.5-7B-Instruct,pharmacy-fork,1,K1,15,-3.747061,-9.494185,5.747124,0.44834065,0.19908206,0.24925859
Qwen/Qwen2.5-7B-Instruct,pharmacy-fork,2,K1,15,-3.953603,-8.468087,4.514484,0.45039782,0.17988364,0.27051418
Qwen/Qwen2.5-7B-Instruct,pharmacy-fork,3,K6,18,-4.522766,-7.7109,3.188134,0.49999222,0.12229282,0.3776994
Qwen/Qwen2.5-7B-Instruct,pharmacy-join,0,K1,13,-4.5185,-9.163574,4.645074,0.42257604,0.09721603,0.32536001
Qwen/Qwen2.5-7B-Instruct,pharmacy-join,1,K1,13,-4.874983,-8.869199,3.994216,0.46918002,0.096876,0.37230402
Qwen/Qwen2.5-7B-Instruct,pharmacy-join,2,K6,15,-3.792097,-8.278239,4.486143,0.52542299,0.22713397,0.29828902
Qwen/Qwen2.5-7B-Instruct,pharmacy-join,3,K2,18,-3.58707,-7.636956,4.049886,0.56190044,0.19717926,0.36472118
Qwen/Qwen2.5-7B-Instruct,pharmacy-diamond,0,K1,17,-3.299562,-5.439121,2.139559,0.56742579,0.33927864,0.22814715
Qwen/Qwen2.5-7B-Instruct,pharmacy-diamond,1,K1,17,-4.521896,-7.853948,3.332052,0.48492935,0.17225632,0.31267303
Qwen/Qwen2.5-7B-Instruct,pharmacy-diamond,2,K1,17,-3.735147,-5.18281,1.447664,0.53169829,0.31320903,0.21848926
Qwen/Qwen2.5-7B-Instruct,pharmacy-diamond,3,K8,18,-3.517047,-7.267795,3.750748,0.52140743,0.19741569,0.32399173
Qwen/Qwen2.5-7B-Instruct,pharmacy-twochain,0,K4,14,-3.013664,-6.420552,3.406888,0.62710804,0.3363837,0.29072434
Qwen/Qwen2.5-7B-Instruct,pharmacy-twochain,1,K4,14,-4.36355,-8.34791,3.98436,0.42338929,0.1324809,0.29090838
Qwen/Qwen2.5-7B-Instruct,pharmacy-twochain,2,K1,19,-3.662961,-7.270002,3.607041,0.55145293,0.18977122,0.36168171
Qwen/Qwen2.5-7B-Instruct,pharmacy-twochain,3,K4,14,-4.301852,-5.93965,1.637798,0.37395078,0.29983655,0.07411423
Qwen/Qwen2.5-7B-Instruct,pharmacy-star,0,K6,13,-2.996659,-6.086256,3.089597,0.61491168,0.17523909,0.43967259
Qwen/Qwen2.5-7B-Instruct,pharmacy-star,1,K6,13,-4.174105,-8.477489,4.303384,0.478046,0.03969434,0.43835166
Qwen/Qwen2.5-7B-Instruct,pharmacy-star,2,K1,17,-3.167516,-7.731731,4.564215,0.53767496,0.18074647,0.3569285
Qwen/Qwen2.5-7B-Instruct,pharmacy-star,3,K6,13,-3.72833,-5.582142,1.853812,0.42421558,0.36569148,0.0585241
Qwen/Qwen2.5-7B-Instruct,satellite-chain,0,K1,16,-4.325103,-7.625479,3.300376,0.49892503,0.12812126,0.37080377
Qwen/Qwen2.5-7B-Instruct,satellite-chain,1,K1,16,-3.807568,-7.398476,3.590909,0.57236433,0.12713288,0.44523145
Qwen/Qwen2.5-7B-Instruct,satellite-chain,2,K1,16,-4.47209,-7.760585,3.288495,0.4785257,0.18743488,0.29109082
Qwen/Qwen2.5-7B-Instruct,satellite-chain,3,K6,14,-4.004245,-7.446845,3.4426,0.50558656,0.05462401,0.45096255
Qwen/Qwen2.5-7B-Instruct,satellite-fork,0,K6,16,-3.83063,-6.864738,3.034107,0.5415861,0.31346506,0.22812104
Qwen/Qwen2.5-7B-Instruct,satellite-fork,1,K1,16,-3.925623,-6.014112,2.088488,0.52095032,0.32952985,0.19142047
Qwen/Qwen2.5-7B-Instruct,satellite-fork,2,K1,16,-4.431348,-6.930017,2.49867,0.47648895,0.25874737,0.21774158
Qwen/Qwen2.5-7B-Instruct,satellite-fork,3,K6,16,-4.149537,-7.709895,3.560358,0.58813596,0.18788834,0.40024762
Qwen/Qwen2.5-7B-Instruct,satellite-join,0,K1,16,-3.663019,-5.212412,1.549393,0.55920202,0.3933301,0.16587192
Qwen/Qwen2.5-7B-Instruct,satellite-join,1,K1,16,-3.214746,-5.509262,2.294516,0.58911812,0.36145717,0.22766095
Qwen/Qwen2.5-7B-Instruct,satellite-join,2,K6,19,-3.470708,-7.280305,3.809597,0.60424185,0.18366766,0.42057419
Qwen/Qwen2.5-7B-Instruct,satellite-join,3,K2,14,-3.506655,-8.418612,4.911957,0.42216432,0.0646511,0.35751322
Qwen/Qwen2.5-7B-Instruct,satellite-diamond,0,K1,14,-4.452997,-8.4802,4.027203,0.51394409,0.16688617,0.34705792
Qwen/Qwen2.5-7B-Instruct,satellite-diamond,1,K1,14,-3.823067,-8.874935,5.051868,0.56256694,0.11369101,0.44887593
Qwen/Qwen2.5-7B-Instruct,satellite-diamond,2,K8,16,-3.622248,-7.013281,3.391033,0.60106504,0.27203718,0.32902786
Qwen/Qwen2.5-7B-Instruct,satellite-diamond,3,K6,16,-3.499296,-6.240685,2.741389,0.52324528,0.31001368,0.21323159
Qwen/Qwen2.5-7B-Instruct,satellite-twochain,0,K7,15,-3.667323,-6.105221,2.437898,0.57781482,0.31578696,0.26202786
Qwen/Qwen2.5-7B-Instruct,satellite-twochain,1,K1,15,-3.214387,-5.797719,2.583332,0.59845823,0.32375544,0.27470279
Qwen/Qwen2.5-7B-Instruct,satellite-twochain,2,K1,15,-3.746174,-6.459556,2.713382,0.56422794,0.32025468,0.24397326
Qwen/Qwen2.5-7B-Instruct,satellite-twochain,3,K7,15,-3.940285,-6.367897,2.427612,0.4587248,0.28524312,0.17348167
Qwen/Qwen2.5-7B-Instruct,satellite-star,0,K1,15,-3.254462,-5.681649,2.427187,0.62843329,0.33238807,0.29604521
Qwen/Qwen2.5-7B-Instruct,satellite-star,1,K1,15,-3.489802,-6.797478,3.307677,0.48534173,0.27562472,0.20971701
Qwen/Qwen2.5-7B-Instruct,satellite-star,2,K7,20,-3.165412,-6.120087,2.954674,0.56543732,0.24863298,0.31680433
Qwen/Qwen2.5-7B-Instruct,satellite-star,3,K7,20,-4.084648,-6.523229,2.438581,0.55052948,0.21694605,0.33358343
Qwen/Qwen2.5-7B-Instruct,brewery-chain,0,K1,14,-5.027149,-7.435087,2.407938,0.45443153,0.11884774,0.33558379
Qwen/Qwen2.5-7B-Instruct,brewery-chain,1,K6,17,-3.396114,-6.661646,3.265533,0.56354481,0.18894446,0.37460035
Qwen/Qwen2.5-7B-Instruct,brewery-chain,2,K1,14,-3.760721,-7.824294,4.063572,0.46576443,0.18020636,0.28555807
Qwen/Qwen2.5-7B-Instruct,brewery-chain,3,K6,17,-3.666734,-7.36369,3.696956,0.50154686,0.14855245,0.35299441
Qwen/Qwen2.5-7B-Instruct,brewery-fork,0,K6,15,-3.646746,-5.752717,2.105972,0.52836651,0.28122804,0.24713847
Qwen/Qwen2.5-7B-Instruct,brewery-fork,1,K6,15,-3.79209,-6.411846,2.619756,0.48602259,0.27049363,0.21552896
Qwen/Qwen2.5-7B-Instruct,brewery-fork,2,K1,14,-3.712982,-8.11441,4.401429,0.55717385,0.24357998,0.31359386
Qwen/Qwen2.5-7B-Instruct,brewery-fork,3,K6,15,-3.267802,-7.371719,4.103917,0.5546388,0.19417326,0.36046554
Qwen/Qwen2.5-7B-Instruct,brewery-join,0,K6,14,-4.079662,-9.001745,4.922083,0.51470149,0.19489381,0.31980768
Qwen/Qwen2.5-7B-Instruct,brewery-join,1,K2,13,-3.9764,-6.736383,2.759983,0.4720524,0.30804282,0.16400957
Qwen/Qwen2.5-7B-Instruct,brewery-join,2,K6,14,-4.027629,-9.489416,5.461787,0.55371034,0.17458387,0.37912647
Qwen/Qwen2.5-7B-Instruct,brewery-join,3,K6,14,-4.071815,-9.226171,5.154356,0.51662016,0.10083679,0.41578337
Qwen/Qwen2.5-7B-Instruct,brewery-diamond,0,K6,14,-3.953538,-9.636393,5.682855,0.55894816,0.12024184,0.43870632
Qwen/Qwen2.5-7B-Instruct,brewery-diamond,1,K6,14,-3.772313,-8.171099,4.398786,0.4758617,0.18329211,0.29256959
Qwen/Qwen2.5-7B-Instruct,brewery-diamond,2,K8,17,-3.68439,-7.440248,3.755858,0.45522732,0.17263936,0.28258796
Qwen/Qwen2.5-7B-Instruct,brewery-diamond,3,K6,14,-3.932512,-8.547203,4.614691,0.49714464,0.1820032,0.31514144
Qwen/Qwen2.5-7B-Instruct,brewery-twochain,0,K7,13,-3.837687,-7.953521,4.115834,0.42299539,0.03660081,0.38639458
Qwen/Qwen2.5-7B-Instruct,brewery-twochain,1,K4,17,-3.786633,-7.019101,3.232468,0.53371614,0.15110442,0.38261172
Qwen/Qwen2.5-7B-Instruct,brewery-twochain,2,K1,14,-4.765842,-8.291927,3.526085,0.47129926,0.17067493,0.30062433
Qwen/Qwen2.5-7B-Instruct,brewery-twochain,3,K7,13,-3.533809,-8.76987,5.236061,0.6089862,0.02963444,0.57935176
Qwen/Qwen2.5-7B-Instruct,brewery-star,0,K6,14,-4.548924,-7.844139,3.295215,0.4887321,0.14217179,0.34656031
Qwen/Qwen2.5-7B-Instruct,brewery-star,1,K1,15,-3.626541,-7.789996,4.163455,0.5453499,0.1254696,0.4198803
Qwen/Qwen2.5-7B-Instruct,brewery-star,2,K7,17,-3.453795,-7.956474,4.502679,0.51840645,0.1758063,0.34260015
Qwen/Qwen2.5-7B-Instruct,brewery-star,3,K6,14,-4.778217,-7.669879,2.891662,0.34519547,0.1371039,0.20809157
Qwen/Qwen2.5-7B-Instruct,rail-chain,0,K1,14,-3.46128,-5.888461,2.427181,0.62441409,0.36380991,0.26060417
Qwen/Qwen2.5-7B-Instruct,rail-chain,1,K6,15,-3.311586,-4.749448,1.437862,0.55740499,0.39099097,0.16641402
Qwen/Qwen2.5-7B-Instruct,rail-chain,2,K1,14,-3.952815,-7.381318,3.428502,0.5236277,0.21865548,0.30497222
Qwen/Qwen2.5-7B-Instruct,rail-chain,3,K6,15,-3.89178,-7.747719,3.855939,0.52450287,0.22428958,0.30021329
Qwen/Qwen2.5-7B-Instruct,rail-fork,0,K6,18,-3.153604,-6.519034,3.36543,0.54419315,0.15372135,0.3904718
Qwen/Qwen2.5-7B-Instruct,rail-fork,1,K1,14,-4.619991,-7.191782,2.571791,0.44476801,0.1660136,0.27875441
Qwen/Qwen2.5-7B-Instruct,rail-fork,2,K1,14,-3.771206,-7.709903,3.938697,0.53271484,0.19497308,0.33774176
Qwen/Qwen2.5-7B-Instruct,rail-fork,3,K6,18,-2.773184,-7.036245,4.263061,0.57430315,0.19794311,0.37636004
Qwen/Qwen2.5-7B-Instruct,rail-join,0,K2,15,-3.998166,-5.943268,1.945102,0.57002097,0.29650596,0.27351502
Qwen/Qwen2.5-7B-Instruct,rail-join,1,K1,14,-3.89783,-6.219163,2.321333,0.59708327,0.38124853,0.21583474
Qwen/Qwen2.5-7B-Instruct,rail-join,2,K1,14,-4.101936,-7.190895,3.088959,0.56117964,0.21991543,0.3412642
Qwen/Qwen2.5-7B-Instruct,rail-join,3,K2,15,-3.863722,-7.370789,3.507067,0.56572813,0.14824037,0.41748776
Qwen/Qwen2.5-7B-Instruct,rail-diamond,0,K6,17,-3.860869,-4.545254,0.684386,0.50859725,0.44463414,0.06396312
Qwen/Qwen2.5-7B-Instruct,rail-diamond,1,K6,17,-3.287247,-4.536739,1.249492,0.57873333,0.40242434,0.17630899
Qwen/Qwen2.5-7B-Instruct,rail-diamond,2,K1,18,-3.912645,-7.159665,3.24702,0.48786047,0.18885691,0.29900356
Qwen/Qwen2.5-7B-Instruct,rail-diamond,3,K8,14,-3.509766,-7.886639,4.376873,0.57455814,0.15566567,0.41889247
Qwen/Qwen2.5-7B-Instruct,rail-twochain,0,K1,17,-3.799342,-6.945795,3.146453,0.57759601,0.22808622,0.34950979
Qwen/Qwen2.5-7B-Instruct,rail-twochain,1,K1,17,-3.580911,-6.376259,2.795349,0.56483728,0.20312855,0.36170873
Qwen/Qwen2.5-7B-Instruct,rail-twochain,2,K7,13,-3.126157,-7.846,4.719843,0.53777897,0.08908364,0.44869533
Qwen/Qwen2.5-7B-Instruct,rail-twochain,3,K7,13,-3.404305,-7.886862,4.482557,0.54939449,0.0651793,0.48421519
Qwen/Qwen2.5-7B-Instruct,rail-star,0,K1,14,-3.827145,-6.143323,2.316178,0.50604719,0.1803513,0.32569589
Qwen/Qwen2.5-7B-Instruct,rail-star,1,K6,18,-3.190072,-7.289559,4.099487,0.58914733,0.22473532,0.36441201
Qwen/Qwen2.5-7B-Instruct,rail-star,2,K7,13,-4.0044,-7.300309,3.295909,0.43560779,0.04834919,0.3872586
Qwen/Qwen2.5-7B-Instruct,rail-star,3,K6,18,-3.144861,-7.292197,4.147336,0.57650572,0.21354628,0.36295944
