layer,head,delta,reduction
8,0,3.328738,-0.032518
8,1,3.299241,-0.003021
8,2,3.30069,-0.00447
8,3,3.11824,0.17798
8,4,3.282214,0.014005
8,5,3.259734,0.036486
8,6,3.303336,-0.007117
8,7,2.765706,0.530513
8,8,3.328428,-0.032209
8,9,3.337289,-0.041069
8,10,3.258555,0.037664
8,11,3.2565,0.03972
8,12,3.353434,-0.057214
8,13,3.297266,-0.001046
9,0,3.267961,0.028259
9,1,3.327085,-0.030865
9,2,3.247879,0.04834
9,3,3.303002,-0.006782
9,4,3.23585,0.06037
9,5,3.369874,-0.073654
9,6,3.277536,0.018684
9,7,3.31868,-0.02246
9,8,3.201333,0.094887
9,9,3.289676,0.006543
9,10,3.221083,0.075137
9,11,3.308728,-0.012508
9,12,3.299766,-0.003547
9,13,3.271731,0.024488
10,0,3.335976,-0.039757
10,1,3.354025,-0.057806
10,2,3.085195,0.211024
10,3,3.221331,0.074889
10,4,3.273033,0.023187
10,5,3.241391,0.054828
10,6,3.271183,0.025037
10,7,3.292561,0.003659
10,8,3.355119,-0.058899
10,9,3.29307,0.00315
10,10,3.303438,-0.007218
10,11,3.324393,-0.028173
10,12,3.323174,-0.026954
10,13,3.308929,-0.01271
11,0,3.183746,0.112473
11,1,3.250457,0.045763
11,2,3.221953,0.074267
11,3,3.441552,-0.145333
11,4,3.176201,0.120019
11,5,3.384397,-0.088178
11,6,3.155587,0.140633
11,7,3.300156,-0.003936
11,8,3.260041,0.036178
11,9,3.282587,0.013633
11,10,3.271886,0.024333
11,11,3.277776,0.018443
11,12,3.326138,-0.029918
11,13,3.274458,0.021761
12,0,3.328947,-0.032727
12,1,3.183803,0.112417
12,2,3.325153,-0.028933
12,3,3.326651,-0.030431
12,4,3.284686,0.011533
12,5,3.297437,-0.001217
12,6,3.245928,0.050291
12,7,3.283708,0.012512
12,8,3.204103,0.092116
12,9,3.267888,0.028332
12,10,3.296611,-0.000392
12,11,3.248206,0.048013
12,12,3.216537,0.079683
12,13,3.438388,-0.142168
13,0,3.312386,-0.016167
13,1,3.264242,0.031977
13,2,3.245319,0.050901
13,3,3.433339,-0.137119
13,4,3.29577,0.00045
13,5,3.231915,0.064305
13,6,3.301896,-0.005677
13,7,3.297822,-0.001602
13,8,3.314248,-0.018028
13,9,3.302694,-0.006474
13,10,3.297499,-0.001279
13,11,3.299838,-0.003618
13,12,3.31347,-0.01725
13,13,3.312293,-0.016074
14,0,3.298716,-0.002497
14,1,3.384592,-0.088373
14,2,3.182732,0.113488
14,3,3.3034,-0.00718
14,4,3.224954,0.071266
14,5,3.295665,0.000555
14,6,3.330411,-0.034192
14,7,3.240413,0.055807
14,8,3.373114,-0.076895
14,9,3.246696,0.049523
14,10,3.382703,-0.086483
14,11,3.265409,0.030811
14,12,3.344277,-0.048057
14,13,3.286896,0.009323
15,0,3.225631,0.070589
15,1,3.346601,-0.050381
15,2,2.988403,0.307816
15,3,3.209617,0.086603
15,4,3.279737,0.016483
15,5,3.189546,0.106673
15,6,3.337568,-0.041348
15,7,3.342247,-0.046028
15,8,3.32604,-0.02982
15,9,3.266255,0.029965
15,10,3.376315,-0.080096
15,11,3.284892,0.011328
15,12,3.225463,0.070757
15,13,3.262179,0.03404
