model,length,target_words,task,constraint,kind,n_words,satisfied
qwen2.5:3b-instruct,natural,,Explain how a bicycle gear s,inc_kw3_system,inclusion,85,True
qwen2.5:3b-instruct,natural,,Explain how a bicycle gear s,inc_kw3_energy,inclusion,112,True
qwen2.5:3b-instruct,natural,,Explain how a bicycle gear s,inc_kw2_because,inclusion,147,True
qwen2.5:3b-instruct,natural,,Explain how a bicycle gear s,inc_kw2_example,inclusion,157,True
qwen2.5:3b-instruct,natural,,Explain how a bicycle gear s,inc_all3,inclusion,46,True
qwen2.5:3b-instruct,natural,,Explain how a bicycle gear s,inc_num2,inclusion,56,True
qwen2.5:3b-instruct,natural,,Explain how a bicycle gear s,inc_comma8,inclusion,24,False
qwen2.5:3b-instruct,natural,,Explain how a bicycle gear s,inc_sent5,inclusion,75,True
qwen2.5:3b-instruct,natural,,Explain how a bicycle gear s,exc_kw_very,exclusion,30,True
qwen2.5:3b-instruct,natural,,Explain how a bicycle gear s,exc_kw_the,exclusion,79,True
qwen2.5:3b-instruct,natural,,Explain how a bicycle gear s,exc_kw_you,exclusion,82,True
qwen2.5:3b-instruct,natural,,Explain how a bicycle gear s,exc_kw_can,exclusion,78,True
qwen2.5:3b-instruct,natural,,Explain how a bicycle gear s,exc_letter_z,exclusion,108,False
qwen2.5:3b-instruct,natural,,Explain how a bicycle gear s,exc_no_digits,exclusion,125,True
qwen2.5:3b-instruct,natural,,Explain how a bicycle gear s,exc_no_semicolon,exclusion,44,True
qwen2.5:3b-instruct,natural,,Explain how a bicycle gear s,exc_no_question,exclusion,46,True
qwen2.5:3b-instruct,natural,,Describe what happens during,inc_kw3_system,inclusion,145,True
qwen2.5:3b-instruct,natural,,Describe what happens during,inc_kw3_energy,inclusion,110,True
qwen2.5:3b-instruct,natural,,Describe what happens during,inc_kw2_because,inclusion,75,True
qwen2.5:3b-instruct,natural,,Describe what happens during,inc_kw2_example,inclusion,126,True
qwen2.5:3b-instruct,natural,,Describe what happens during,inc_all3,inclusion,35,False
qwen2.5:3b-instruct,natural,,Describe what happens during,inc_num2,inclusion,12,False
qwen2.5:3b-instruct,natural,,Describe what happens during,inc_comma8,inclusion,8,False
qwen2.5:3b-instruct,natural,,Describe what happens during,inc_sent5,inclusion,52,False
qwen2.5:3b-instruct,natural,,Describe what happens during,exc_kw_very,exclusion,68,True
qwen2.5:3b-instruct,natural,,Describe what happens during,exc_kw_the,exclusion,52,True
qwen2.5:3b-instruct,natural,,Describe what happens during,exc_kw_you,exclusion,126,True
qwen2.5:3b-instruct,natural,,Describe what happens during,exc_kw_can,exclusion,178,True
qwen2.5:3b-instruct,natural,,Describe what happens during,exc_letter_z,exclusion,75,True
qwen2.5:3b-instruct,natural,,Describe what happens during,exc_no_digits,exclusion,73,True
qwen2.5:3b-instruct,natural,,Describe what happens during,exc_no_semicolon,exclusion,27,True
qwen2.5:3b-instruct,natural,,Describe what happens during,exc_no_question,exclusion,124,True
qwen2.5:3b-instruct,natural,,Explain why bread dough rise,inc_kw3_system,inclusion,68,False
qwen2.5:3b-instruct,natural,,Explain why bread dough rise,inc_kw3_energy,inclusion,58,True
qwen2.5:3b-instruct,natural,,Explain why bread dough rise,inc_kw2_because,inclusion,30,True
qwen2.5:3b-instruct,natural,,Explain why bread dough rise,inc_kw2_example,inclusion,71,True
qwen2.5:3b-instruct,natural,,Explain why bread dough rise,inc_all3,inclusion,42,True
qwen2.5:3b-instruct,natural,,Explain why bread dough rise,inc_num2,inclusion,55,True
qwen2.5:3b-instruct,natural,,Explain why bread dough rise,inc_comma8,inclusion,1,True
qwen2.5:3b-instruct,natural,,Explain why bread dough rise,inc_sent5,inclusion,71,True
qwen2.5:3b-instruct,natural,,Explain why bread dough rise,exc_kw_very,exclusion,50,True
qwen2.5:3b-instruct,natural,,Explain why bread dough rise,exc_kw_the,exclusion,31,True
qwen2.5:3b-instruct,natural,,Explain why bread dough rise,exc_kw_you,exclusion,27,True
qwen2.5:3b-instruct,natural,,Explain why bread dough rise,exc_kw_can,exclusion,33,True
qwen2.5:3b-instruct,natural,,Explain why bread dough rise,exc_letter_z,exclusion,12,True
qwen2.5:3b-instruct,natural,,Explain why bread dough rise,exc_no_digits,exclusion,54,True
qwen2.5:3b-instruct,natural,,Explain why bread dough rise,exc_no_semicolon,exclusion,49,True
qwen2.5:3b-instruct,natural,,Explain why bread dough rise,exc_no_question,exclusion,84,True
