model,task,constraint,kind,n_words,satisfied
gemma4:e4b,Explain how a bicycle gear s,exc_hard_gear,exclusion,297,True
gemma4:e4b,Explain how a bicycle gear s,exc_hard_wheel,exclusion,284,True
gemma4:e4b,Explain how a bicycle gear s,exc_hard_chain,exclusion,338,True
gemma4:e4b,Explain how a bicycle gear s,exc_hard_pedal,exclusion,311,True
gemma4:e4b,Explain how a bicycle gear s,inc_kw3_system,inclusion,232,True
gemma4:e4b,Explain how a bicycle gear s,inc_kw3_energy,inclusion,353,True
gemma4:e4b,Explain how a bicycle gear s,inc_kw2_because,inclusion,276,True
gemma4:e4b,Explain how a bicycle gear s,inc_kw2_example,inclusion,444,True
gemma4:e4b,Explain how a bicycle gear s,inc_all3,inclusion,224,True
gemma4:e4b,Explain how a bicycle gear s,inc_num2,inclusion,304,True
gemma4:e4b,Explain how a bicycle gear s,inc_comma8,inclusion,131,True
gemma4:e4b,Explain how a bicycle gear s,inc_sent5,inclusion,114,True
gemma4:e4b,Describe what happens during,exc_hard_storm,exclusion,189,True
gemma4:e4b,Describe what happens during,exc_hard_lightning,exclusion,153,True
gemma4:e4b,Describe what happens during,exc_hard_cloud,exclusion,183,True
gemma4:e4b,Describe what happens during,exc_hard_rain,exclusion,114,True
gemma4:e4b,Describe what happens during,inc_kw3_system,inclusion,235,True
gemma4:e4b,Describe what happens during,inc_kw3_energy,inclusion,186,True
gemma4:e4b,Describe what happens during,inc_kw2_because,inclusion,164,True
gemma4:e4b,Describe what happens during,inc_kw2_example,inclusion,275,True
gemma4:e4b,Describe what happens during,inc_all3,inclusion,138,True
gemma4:e4b,Describe what happens during,inc_num2,inclusion,137,True
gemma4:e4b,Describe what happens during,inc_comma8,inclusion,100,True
gemma4:e4b,Describe what happens during,inc_sent5,inclusion,107,True
gemma4:e4b,Explain why bread dough rise,exc_hard_yeast,exclusion,73,True
gemma4:e4b,Explain why bread dough rise,exc_hard_dough,exclusion,74,True
gemma4:e4b,Explain why bread dough rise,exc_hard_gas,exclusion,62,True
gemma4:e4b,Explain why bread dough rise,exc_hard_bread,exclusion,84,True
gemma4:e4b,Explain why bread dough rise,inc_kw3_system,inclusion,142,True
gemma4:e4b,Explain why bread dough rise,inc_kw3_energy,inclusion,128,True
gemma4:e4b,Explain why bread dough rise,inc_kw2_because,inclusion,94,False
gemma4:e4b,Explain why bread dough rise,inc_kw2_example,inclusion,198,True
gemma4:e4b,Explain why bread dough rise,inc_all3,inclusion,115,True
gemma4:e4b,Explain why bread dough rise,inc_num2,inclusion,106,True
gemma4:e4b,Explain why bread dough rise,inc_comma8,inclusion,90,True
gemma4:e4b,Explain why bread dough rise,inc_sent5,inclusion,97,True
gemma4:e4b,Describe how a public librar,exc_hard_book,exclusion,297,True
gemma4:e4b,Describe how a public librar,exc_hard_library,exclusion,384,False
gemma4:e4b,Describe how a public librar,exc_hard_shelf,exclusion,454,True
gemma4:e4b,Describe how a public librar,exc_hard_borrow,exclusion,415,True
gemma4:e4b,Describe how a public librar,inc_kw3_system,inclusion,260,True
gemma4:e4b,Describe how a public librar,inc_kw3_energy,inclusion,287,True
gemma4:e4b,Describe how a public librar,inc_kw2_because,inclusion,330,True
gemma4:e4b,Describe how a public librar,inc_kw2_example,inclusion,344,True
gemma4:e4b,Describe how a public librar,inc_all3,inclusion,234,True
gemma4:e4b,Describe how a public librar,inc_num2,inclusion,269,True
gemma4:e4b,Describe how a public librar,inc_comma8,inclusion,125,True
gemma4:e4b,Describe how a public librar,inc_sent5,inclusion,118,True
gemma4:e4b,Explain what tides are and w,exc_hard_moon,exclusion,184,True
gemma4:e4b,Explain what tides are and w,exc_hard_tide,exclusion,225,True
gemma4:e4b,Explain what tides are and w,exc_hard_water,exclusion,199,True
gemma4:e4b,Explain what tides are and w,exc_hard_gravity,exclusion,272,True
gemma4:e4b,Explain what tides are and w,inc_kw3_system,inclusion,277,True
gemma4:e4b,Explain what tides are and w,inc_kw3_energy,inclusion,260,True
gemma4:e4b,Explain what tides are and w,inc_kw2_because,inclusion,219,True
gemma4:e4b,Explain what tides are and w,inc_kw2_example,inclusion,325,True
gemma4:e4b,Explain what tides are and w,inc_all3,inclusion,210,True
gemma4:e4b,Explain what tides are and w,inc_num2,inclusion,233,True
gemma4:e4b,Explain what tides are and w,inc_comma8,inclusion,137,True
gemma4:e4b,Explain what tides are and w,inc_sent5,inclusion,112,True
gemma4:e4b,Describe how a bridge carrie,exc_hard_bridge,exclusion,293,True
gemma4:e4b,Describe how a bridge carrie,exc_hard_load,exclusion,176,True
gemma4:e4b,Describe how a bridge carrie,exc_hard_weight,exclusion,235,True
gemma4:e4b,Describe how a bridge carrie,exc_hard_support,exclusion,228,True
gemma4:e4b,Describe how a bridge carrie,inc_kw3_system,inclusion,246,True
gemma4:e4b,Describe how a bridge carrie,inc_kw3_energy,inclusion,254,True
gemma4:e4b,Describe how a bridge carrie,inc_kw2_because,inclusion,253,True
gemma4:e4b,Describe how a bridge carrie,inc_kw2_example,inclusion,291,True
gemma4:e4b,Describe how a bridge carrie,inc_all3,inclusion,202,True
gemma4:e4b,Describe how a bridge carrie,inc_num2,inclusion,236,True
gemma4:e4b,Describe how a bridge carrie,inc_comma8,inclusion,93,True
gemma4:e4b,Describe how a bridge carrie,inc_sent5,inclusion,104,True
