model,key,instruction_id,kind,n_words,satisfied
llama3.2:3b,2704,punctuation:no_comma,exclusion,18,True
llama3.2:3b,2713,punctuation:no_comma,exclusion,81,False
llama3.2:3b,2716,keywords:frequency,exclusion,174,False
llama3.2:3b,2739,punctuation:no_comma,exclusion,60,True
llama3.2:3b,2751,length_constraints:number_words,inclusion,443,True
llama3.2:3b,2798,punctuation:no_comma,exclusion,183,True
llama3.2:3b,2811,keywords:forbidden_words,exclusion,269,False
llama3.2:3b,2825,punctuation:no_comma,exclusion,138,True
llama3.2:3b,2828,keywords:forbidden_words,exclusion,142,True
llama3.2:3b,2844,length_constraints:number_words,inclusion,216,True
llama3.2:3b,2871,keywords:frequency,inclusion,282,True
llama3.2:3b,2909,length_constraints:number_words,inclusion,453,True
llama3.2:3b,2943,keywords:frequency,inclusion,420,True
llama3.2:3b,2957,keywords:forbidden_words,exclusion,30,True
llama3.2:3b,296,keywords:frequency,exclusion,206,True
llama3.2:3b,296,length_constraints:number_words,inclusion,206,True
llama3.2:3b,2997,keywords:frequency,inclusion,333,True
llama3.2:3b,30,length_constraints:number_words,inclusion,1113,True
llama3.2:3b,301,keywords:forbidden_words,exclusion,254,True
llama3.2:3b,3081,keywords:forbidden_words,exclusion,465,False
llama3.2:3b,3084,punctuation:no_comma,exclusion,10,True
llama3.2:3b,3091,keywords:frequency,inclusion,308,True
llama3.2:3b,3109,keywords:frequency,inclusion,271,False
llama3.2:3b,3114,length_constraints:number_words,inclusion,551,False
llama3.2:3b,3114,keywords:forbidden_words,exclusion,551,True
llama3.2:3b,3156,keywords:existence,inclusion,362,True
llama3.2:3b,3166,keywords:forbidden_words,exclusion,119,True
llama3.2:3b,3188,keywords:frequency,exclusion,286,True
llama3.2:3b,3195,punctuation:no_comma,exclusion,10,True
llama3.2:3b,32,punctuation:no_comma,exclusion,28,True
llama3.2:3b,3204,punctuation:no_comma,exclusion,387,True
llama3.2:3b,3243,length_constraints:number_words,inclusion,191,True
llama3.2:3b,3245,punctuation:no_comma,exclusion,24,True
llama3.2:3b,3256,punctuation:no_comma,exclusion,75,True
llama3.2:3b,3272,keywords:frequency,inclusion,34,True
llama3.2:3b,3281,punctuation:no_comma,exclusion,383,True
llama3.2:3b,3287,length_constraints:number_words,inclusion,351,True
llama3.2:3b,3305,keywords:existence,inclusion,5,False
llama3.2:3b,331,punctuation:no_comma,exclusion,233,True
llama3.2:3b,3311,keywords:existence,inclusion,42,True
llama3.2:3b,3315,keywords:forbidden_words,exclusion,325,True
llama3.2:3b,332,length_constraints:number_words,exclusion,160,False
llama3.2:3b,3323,punctuation:no_comma,exclusion,11,True
llama3.2:3b,3326,keywords:forbidden_words,exclusion,275,False
llama3.2:3b,3327,keywords:existence,inclusion,334,True
llama3.2:3b,3327,keywords:frequency,inclusion,334,True
llama3.2:3b,3327,keywords:frequency,exclusion,334,False
llama3.2:3b,3335,punctuation:no_comma,exclusion,58,True
llama3.2:3b,3345,keywords:frequency,inclusion,189,True
llama3.2:3b,3345,keywords:forbidden_words,exclusion,189,True
llama3.2:3b,3350,punctuation:no_comma,exclusion,321,False
llama3.2:3b,3362,keywords:forbidden_words,exclusion,91,True
llama3.2:3b,3369,keywords:frequency,exclusion,51,False
llama3.2:3b,337,length_constraints:number_words,inclusion,518,True
llama3.2:3b,3371,keywords:existence,inclusion,176,True
llama3.2:3b,3371,keywords:forbidden_words,exclusion,176,False
llama3.2:3b,3376,keywords:existence,inclusion,32,True
llama3.2:3b,3376,punctuation:no_comma,exclusion,32,True
llama3.2:3b,3380,keywords:existence,inclusion,269,True
llama3.2:3b,3386,keywords:forbidden_words,exclusion,281,True
llama3.2:3b,3386,keywords:existence,inclusion,281,True
llama3.2:3b,340,length_constraints:number_words,exclusion,27,True
llama3.2:3b,3401,keywords:forbidden_words,exclusion,284,True
llama3.2:3b,3415,length_constraints:number_words,exclusion,174,True
llama3.2:3b,3415,keywords:frequency,inclusion,174,True
llama3.2:3b,3415,keywords:frequency,exclusion,174,False
llama3.2:3b,3425,length_constraints:number_words,inclusion,1196,False
llama3.2:3b,343,length_constraints:number_words,inclusion,491,True
llama3.2:3b,3439,keywords:existence,inclusion,803,True
llama3.2:3b,3442,length_constraints:number_words,exclusion,22,False
llama3.2:3b,3445,keywords:forbidden_words,exclusion,90,False
llama3.2:3b,3479,keywords:forbidden_words,exclusion,214,True
llama3.2:3b,3479,punctuation:no_comma,exclusion,214,True
llama3.2:3b,349,length_constraints:number_words,exclusion,45,False
llama3.2:3b,3505,punctuation:no_comma,exclusion,226,True
llama3.2:3b,3506,keywords:forbidden_words,exclusion,461,True
llama3.2:3b,3518,keywords:existence,inclusion,58,True
llama3.2:3b,3538,keywords:frequency,inclusion,565,False
llama3.2:3b,3538,length_constraints:number_words,inclusion,565,False
llama3.2:3b,3540,punctuation:no_comma,exclusion,174,True
llama3.2:3b,3565,keywords:forbidden_words,exclusion,107,True
llama3.2:3b,3569,length_constraints:number_words,inclusion,382,True
llama3.2:3b,3595,keywords:forbidden_words,exclusion,24,True
llama3.2:3b,3615,punctuation:no_comma,exclusion,29,True
llama3.2:3b,3619,punctuation:no_comma,exclusion,73,True
llama3.2:3b,3631,punctuation:no_comma,exclusion,273,True
llama3.2:3b,3633,punctuation:no_comma,exclusion,213,True
llama3.2:3b,3669,punctuation:no_comma,exclusion,44,True
llama3.2:3b,3680,keywords:frequency,inclusion,453,False
llama3.2:3b,3691,punctuation:no_comma,exclusion,111,True
llama3.2:3b,3709,keywords:forbidden_words,exclusion,112,True
llama3.2:3b,371,keywords:forbidden_words,exclusion,36,True
llama3.2:3b,3718,punctuation:no_comma,exclusion,50,True
llama3.2:3b,3724,punctuation:no_comma,exclusion,64,True
llama3.2:3b,3732,keywords:existence,inclusion,412,True
llama3.2:3b,374,keywords:forbidden_words,exclusion,27,False
llama3.2:3b,3748,keywords:existence,inclusion,39,True
