model,design,target,instance,rotation,phrase,answer,parsed,yes,seconds
qwen2.5:14b-instruct,addonly,rejected,payments-chain,0,snapshot the store,yes,True,True,11.772
qwen2.5:14b-instruct,addonly,control,payments-chain,0,cycle the settlement engine,no,True,False,2.125
qwen2.5:14b-instruct,addonly_merged,rejected,payments-chain,0,snapshot the store,yes,True,True,2.14
qwen2.5:14b-instruct,addonly_merged,control,payments-chain,0,cycle the settlement engine,no,True,False,2.121
qwen2.5:14b-instruct,addonly_meta,rejected,payments-chain,0,snapshot the store,no,True,False,2.119
qwen2.5:14b-instruct,addonly_meta,control,payments-chain,0,cycle the settlement engine,no,True,False,2.137
qwen2.5:14b-instruct,addonly_flag,rejected,payments-chain,0,snapshot the store,yes,True,True,2.138
qwen2.5:14b-instruct,addonly_flag,control,payments-chain,0,cycle the settlement engine,no,True,False,2.081
qwen2.5:14b-instruct,addonly,rejected,payments-chain,1,cycle the settlement engine,yes,True,True,2.181
qwen2.5:14b-instruct,addonly,control,payments-chain,1,snapshot the store,no,True,False,2.12
qwen2.5:14b-instruct,addonly_merged,rejected,payments-chain,1,cycle the settlement engine,yes,True,True,2.186
qwen2.5:14b-instruct,addonly_merged,control,payments-chain,1,snapshot the store,no,True,False,2.122
qwen2.5:14b-instruct,addonly_meta,rejected,payments-chain,1,cycle the settlement engine,yes,True,True,2.169
qwen2.5:14b-instruct,addonly_meta,control,payments-chain,1,snapshot the store,no,True,False,2.117
qwen2.5:14b-instruct,addonly_flag,rejected,payments-chain,1,cycle the settlement engine,yes,True,True,2.16
qwen2.5:14b-instruct,addonly_flag,control,payments-chain,1,snapshot the store,no,True,False,2.11
qwen2.5:14b-instruct,addonly,rejected,payments-fork,0,snapshot the store,yes,True,True,2.172
qwen2.5:14b-instruct,addonly,control,payments-fork,0,reopen the gateway,no,True,False,2.111
qwen2.5:14b-instruct,addonly_merged,rejected,payments-fork,0,snapshot the store,yes,True,True,2.159
qwen2.5:14b-instruct,addonly_merged,control,payments-fork,0,reopen the gateway,no,True,False,2.123
qwen2.5:14b-instruct,addonly_meta,rejected,payments-fork,0,snapshot the store,no,True,False,2.148
qwen2.5:14b-instruct,addonly_meta,control,payments-fork,0,reopen the gateway,no,True,False,2.103
qwen2.5:14b-instruct,addonly_flag,rejected,payments-fork,0,snapshot the store,yes,True,True,2.115
qwen2.5:14b-instruct,addonly_flag,control,payments-fork,0,reopen the gateway,no,True,False,2.093
qwen2.5:14b-instruct,addonly,rejected,payments-fork,1,reopen the gateway,yes,True,True,2.162
qwen2.5:14b-instruct,addonly,control,payments-fork,1,snapshot the store,no,True,False,2.133
qwen2.5:14b-instruct,addonly_merged,rejected,payments-fork,1,reopen the gateway,yes,True,True,2.142
qwen2.5:14b-instruct,addonly_merged,control,payments-fork,1,snapshot the store,no,True,False,2.11
qwen2.5:14b-instruct,addonly_meta,rejected,payments-fork,1,reopen the gateway,yes,True,True,2.158
qwen2.5:14b-instruct,addonly_meta,control,payments-fork,1,snapshot the store,no,True,False,2.107
qwen2.5:14b-instruct,addonly_flag,rejected,payments-fork,1,reopen the gateway,yes,True,True,2.191
qwen2.5:14b-instruct,addonly_flag,control,payments-fork,1,snapshot the store,no,True,False,2.083
qwen2.5:14b-instruct,addonly,rejected,payments-join,0,shift routing to the spare region,yes,True,True,2.181
qwen2.5:14b-instruct,addonly,control,payments-join,0,cycle the settlement engine,no,True,False,2.125
qwen2.5:14b-instruct,addonly_merged,rejected,payments-join,0,shift routing to the spare region,yes,True,True,2.154
qwen2.5:14b-instruct,addonly_merged,control,payments-join,0,cycle the settlement engine,no,True,False,2.101
qwen2.5:14b-instruct,addonly_meta,rejected,payments-join,0,shift routing to the spare region,no,True,False,2.131
qwen2.5:14b-instruct,addonly_meta,control,payments-join,0,cycle the settlement engine,no,True,False,2.144
qwen2.5:14b-instruct,addonly_flag,rejected,payments-join,0,shift routing to the spare region,yes,True,True,2.178
qwen2.5:14b-instruct,addonly_flag,control,payments-join,0,cycle the settlement engine,no,True,False,2.114
qwen2.5:14b-instruct,addonly,rejected,payments-join,1,cycle the settlement engine,yes,True,True,2.198
qwen2.5:14b-instruct,addonly,control,payments-join,1,shift routing to the spare region,no,True,False,2.09
qwen2.5:14b-instruct,addonly_merged,rejected,payments-join,1,cycle the settlement engine,yes,True,True,2.146
qwen2.5:14b-instruct,addonly_merged,control,payments-join,1,shift routing to the spare region,no,True,False,2.106
qwen2.5:14b-instruct,addonly_meta,rejected,payments-join,1,cycle the settlement engine,yes,True,True,2.181
qwen2.5:14b-instruct,addonly_meta,control,payments-join,1,shift routing to the spare region,no,True,False,2.124
qwen2.5:14b-instruct,addonly_flag,rejected,payments-join,1,cycle the settlement engine,yes,True,True,2.148
qwen2.5:14b-instruct,addonly_flag,control,payments-join,1,shift routing to the spare region,no,True,False,2.085
qwen2.5:14b-instruct,addonly,rejected,payments-join,3,snapshot the store,yes,True,True,2.151
qwen2.5:14b-instruct,addonly,control,payments-join,3,shift routing to the spare region,no,True,False,2.091
qwen2.5:14b-instruct,addonly_merged,rejected,payments-join,3,snapshot the store,yes,True,True,2.12
qwen2.5:14b-instruct,addonly_merged,control,payments-join,3,shift routing to the spare region,no,True,False,2.117
qwen2.5:14b-instruct,addonly_meta,rejected,payments-join,3,snapshot the store,no,True,False,2.123
qwen2.5:14b-instruct,addonly_meta,control,payments-join,3,shift routing to the spare region,no,True,False,2.098
qwen2.5:14b-instruct,addonly_flag,rejected,payments-join,3,snapshot the store,yes,True,True,2.135
qwen2.5:14b-instruct,addonly_flag,control,payments-join,3,shift routing to the spare region,no,True,False,2.143
qwen2.5:14b-instruct,addonly,rejected,payments-diamond,0,probe end-to-end latency,yes,True,True,2.16
qwen2.5:14b-instruct,addonly,control,payments-diamond,0,cycle the settlement engine,no,True,False,2.087
qwen2.5:14b-instruct,addonly_merged,rejected,payments-diamond,0,probe end-to-end latency,yes,True,True,2.159
qwen2.5:14b-instruct,addonly_merged,control,payments-diamond,0,cycle the settlement engine,no,True,False,2.11
qwen2.5:14b-instruct,addonly_meta,rejected,payments-diamond,0,probe end-to-end latency,yes,True,True,2.146
qwen2.5:14b-instruct,addonly_meta,control,payments-diamond,0,cycle the settlement engine,no,True,False,2.141
qwen2.5:14b-instruct,addonly_flag,rejected,payments-diamond,0,probe end-to-end latency,yes,True,True,2.165
qwen2.5:14b-instruct,addonly_flag,control,payments-diamond,0,cycle the settlement engine,no,True,False,2.091
qwen2.5:14b-instruct,addonly,rejected,payments-diamond,1,cycle the settlement engine,yes,True,True,2.162
qwen2.5:14b-instruct,addonly,control,payments-diamond,1,probe end-to-end latency,no,True,False,2.142
qwen2.5:14b-instruct,addonly_merged,rejected,payments-diamond,1,cycle the settlement engine,yes,True,True,2.166
qwen2.5:14b-instruct,addonly_merged,control,payments-diamond,1,probe end-to-end latency,no,True,False,2.115
qwen2.5:14b-instruct,addonly_meta,rejected,payments-diamond,1,cycle the settlement engine,yes,True,True,2.158
qwen2.5:14b-instruct,addonly_meta,control,payments-diamond,1,probe end-to-end latency,no,True,False,2.109
qwen2.5:14b-instruct,addonly_flag,rejected,payments-diamond,1,cycle the settlement engine,yes,True,True,2.156
qwen2.5:14b-instruct,addonly_flag,control,payments-diamond,1,probe end-to-end latency,no,True,False,2.105
qwen2.5:14b-instruct,addonly,rejected,payments-diamond,3,snapshot the store,yes,True,True,2.163
qwen2.5:14b-instruct,addonly,control,payments-diamond,3,probe end-to-end latency,no,True,False,2.126
qwen2.5:14b-instruct,addonly_merged,rejected,payments-diamond,3,snapshot the store,yes,True,True,2.155
qwen2.5:14b-instruct,addonly_merged,control,payments-diamond,3,probe end-to-end latency,no,True,False,2.131
qwen2.5:14b-instruct,addonly_meta,rejected,payments-diamond,3,snapshot the store,yes,True,True,2.17
qwen2.5:14b-instruct,addonly_meta,control,payments-diamond,3,probe end-to-end latency,no,True,False,2.125
qwen2.5:14b-instruct,addonly_flag,rejected,payments-diamond,3,snapshot the store,yes,True,True,2.142
qwen2.5:14b-instruct,addonly_flag,control,payments-diamond,3,probe end-to-end latency,no,True,False,2.116
qwen2.5:14b-instruct,addonly,rejected,payments-twochain,0,cycle the settlement engine,yes,True,True,2.196
qwen2.5:14b-instruct,addonly,control,payments-twochain,0,reopen the gateway,no,True,False,2.14
qwen2.5:14b-instruct,addonly_merged,rejected,payments-twochain,0,cycle the settlement engine,yes,True,True,2.168
qwen2.5:14b-instruct,addonly_merged,control,payments-twochain,0,reopen the gateway,no,True,False,2.106
qwen2.5:14b-instruct,addonly_meta,rejected,payments-twochain,0,cycle the settlement engine,yes,True,True,2.171
qwen2.5:14b-instruct,addonly_meta,control,payments-twochain,0,reopen the gateway,no,True,False,2.139
qwen2.5:14b-instruct,addonly_flag,rejected,payments-twochain,0,cycle the settlement engine,yes,True,True,2.156
qwen2.5:14b-instruct,addonly_flag,control,payments-twochain,0,reopen the gateway,no,True,False,2.146
qwen2.5:14b-instruct,addonly,rejected,payments-twochain,1,reopen the gateway,yes,True,True,2.194
qwen2.5:14b-instruct,addonly,control,payments-twochain,1,cycle the settlement engine,no,True,False,2.135
qwen2.5:14b-instruct,addonly_merged,rejected,payments-twochain,1,reopen the gateway,yes,True,True,2.157
qwen2.5:14b-instruct,addonly_merged,control,payments-twochain,1,cycle the settlement engine,no,True,False,2.103
qwen2.5:14b-instruct,addonly_meta,rejected,payments-twochain,1,reopen the gateway,yes,True,True,2.18
qwen2.5:14b-instruct,addonly_meta,control,payments-twochain,1,cycle the settlement engine,no,True,False,2.134
qwen2.5:14b-instruct,addonly_flag,rejected,payments-twochain,1,reopen the gateway,yes,True,True,2.183
qwen2.5:14b-instruct,addonly_flag,control,payments-twochain,1,cycle the settlement engine,no,True,False,2.121
qwen2.5:14b-instruct,addonly,rejected,payments-twochain,3,shift routing to the spare region,yes,True,True,2.176
qwen2.5:14b-instruct,addonly,control,payments-twochain,3,cycle the settlement engine,no,True,False,2.102
qwen2.5:14b-instruct,addonly_merged,rejected,payments-twochain,3,shift routing to the spare region,yes,True,True,2.153
qwen2.5:14b-instruct,addonly_merged,control,payments-twochain,3,cycle the settlement engine,no,True,False,2.111
qwen2.5:14b-instruct,addonly_meta,rejected,payments-twochain,3,shift routing to the spare region,yes,True,True,2.187
qwen2.5:14b-instruct,addonly_meta,control,payments-twochain,3,cycle the settlement engine,no,True,False,2.12
qwen2.5:14b-instruct,addonly_flag,rejected,payments-twochain,3,shift routing to the spare region,yes,True,True,2.172
qwen2.5:14b-instruct,addonly_flag,control,payments-twochain,3,cycle the settlement engine,no,True,False,2.105
qwen2.5:14b-instruct,addonly,rejected,payments-star,0,snapshot the store,yes,True,True,2.174
qwen2.5:14b-instruct,addonly,control,payments-star,0,shift routing to the spare region,no,True,False,2.133
qwen2.5:14b-instruct,addonly_merged,rejected,payments-star,0,snapshot the store,yes,True,True,2.172
qwen2.5:14b-instruct,addonly_merged,control,payments-star,0,shift routing to the spare region,no,True,False,2.114
qwen2.5:14b-instruct,addonly_meta,rejected,payments-star,0,snapshot the store,yes,True,True,2.185
qwen2.5:14b-instruct,addonly_meta,control,payments-star,0,shift routing to the spare region,no,True,False,2.116
qwen2.5:14b-instruct,addonly_flag,rejected,payments-star,0,snapshot the store,yes,True,True,2.195
qwen2.5:14b-instruct,addonly_flag,control,payments-star,0,shift routing to the spare region,no,True,False,2.115
qwen2.5:14b-instruct,addonly,rejected,payments-star,1,shift routing to the spare region,yes,True,True,2.264
qwen2.5:14b-instruct,addonly,control,payments-star,1,snapshot the store,no,True,False,2.145
qwen2.5:14b-instruct,addonly_merged,rejected,payments-star,1,shift routing to the spare region,yes,True,True,2.155
qwen2.5:14b-instruct,addonly_merged,control,payments-star,1,snapshot the store,no,True,False,2.129
qwen2.5:14b-instruct,addonly_meta,rejected,payments-star,1,shift routing to the spare region,yes,True,True,2.136
qwen2.5:14b-instruct,addonly_meta,control,payments-star,1,snapshot the store,no,True,False,2.119
qwen2.5:14b-instruct,addonly_flag,rejected,payments-star,1,shift routing to the spare region,yes,True,True,2.17
qwen2.5:14b-instruct,addonly_flag,control,payments-star,1,snapshot the store,no,True,False,2.132
qwen2.5:14b-instruct,addonly,rejected,payments-star,3,cycle the settlement engine,yes,True,True,2.187
qwen2.5:14b-instruct,addonly,control,payments-star,3,snapshot the store,no,True,False,2.112
qwen2.5:14b-instruct,addonly_merged,rejected,payments-star,3,cycle the settlement engine,yes,True,True,2.121
qwen2.5:14b-instruct,addonly_merged,control,payments-star,3,snapshot the store,no,True,False,2.096
qwen2.5:14b-instruct,addonly_meta,rejected,payments-star,3,cycle the settlement engine,yes,True,True,2.165
qwen2.5:14b-instruct,addonly_meta,control,payments-star,3,snapshot the store,no,True,False,2.11
qwen2.5:14b-instruct,addonly_flag,rejected,payments-star,3,cycle the settlement engine,yes,True,True,2.335
qwen2.5:14b-instruct,addonly_flag,control,payments-star,3,snapshot the store,no,True,False,2.273
qwen2.5:14b-instruct,addonly,rejected,robotics-chain,0,resume the line,yes,True,True,2.181
qwen2.5:14b-instruct,addonly,control,robotics-chain,0,lock the loading bay,no,True,False,2.113
qwen2.5:14b-instruct,addonly_merged,rejected,robotics-chain,0,resume the line,yes,True,True,2.131
qwen2.5:14b-instruct,addonly_merged,control,robotics-chain,0,lock the loading bay,no,True,False,2.131
qwen2.5:14b-instruct,addonly_meta,rejected,robotics-chain,0,resume the line,no,True,False,2.166
qwen2.5:14b-instruct,addonly_meta,control,robotics-chain,0,lock the loading bay,no,True,False,2.1
qwen2.5:14b-instruct,addonly_flag,rejected,robotics-chain,0,resume the line,yes,True,True,2.112
qwen2.5:14b-instruct,addonly_flag,control,robotics-chain,0,lock the loading bay,no,True,False,2.127
qwen2.5:14b-instruct,addonly,rejected,robotics-chain,1,lock the loading bay,yes,True,True,2.157
qwen2.5:14b-instruct,addonly,control,robotics-chain,1,resume the line,no,True,False,2.132
qwen2.5:14b-instruct,addonly_merged,rejected,robotics-chain,1,lock the loading bay,yes,True,True,2.157
qwen2.5:14b-instruct,addonly_merged,control,robotics-chain,1,resume the line,no,True,False,2.112
qwen2.5:14b-instruct,addonly_meta,rejected,robotics-chain,1,lock the loading bay,no,True,False,2.181
qwen2.5:14b-instruct,addonly_meta,control,robotics-chain,1,resume the line,no,True,False,2.127
qwen2.5:14b-instruct,addonly_flag,rejected,robotics-chain,1,lock the loading bay,yes,True,True,2.161
qwen2.5:14b-instruct,addonly_flag,control,robotics-chain,1,resume the line,no,True,False,2.098
qwen2.5:14b-instruct,addonly,rejected,robotics-fork,0,lock the loading bay,yes,True,True,2.164
qwen2.5:14b-instruct,addonly,control,robotics-fork,0,halt the conveyor,no,True,False,2.159
qwen2.5:14b-instruct,addonly_merged,rejected,robotics-fork,0,lock the loading bay,yes,True,True,2.141
qwen2.5:14b-instruct,addonly_merged,control,robotics-fork,0,halt the conveyor,no,True,False,2.125
qwen2.5:14b-instruct,addonly_meta,rejected,robotics-fork,0,lock the loading bay,no,True,False,2.196
qwen2.5:14b-instruct,addonly_meta,control,robotics-fork,0,halt the conveyor,no,True,False,2.122
qwen2.5:14b-instruct,addonly_flag,rejected,robotics-fork,0,lock the loading bay,yes,True,True,2.168
qwen2.5:14b-instruct,addonly_flag,control,robotics-fork,0,halt the conveyor,no,True,False,2.134
qwen2.5:14b-instruct,addonly,rejected,robotics-fork,1,halt the conveyor,yes,True,True,2.134
qwen2.5:14b-instruct,addonly,control,robotics-fork,1,lock the loading bay,no,True,False,2.093
qwen2.5:14b-instruct,addonly_merged,rejected,robotics-fork,1,halt the conveyor,no,True,False,2.122
qwen2.5:14b-instruct,addonly_merged,control,robotics-fork,1,lock the loading bay,no,True,False,2.086
qwen2.5:14b-instruct,addonly_meta,rejected,robotics-fork,1,halt the conveyor,no,True,False,2.155
qwen2.5:14b-instruct,addonly_meta,control,robotics-fork,1,lock the loading bay,no,True,False,2.103
qwen2.5:14b-instruct,addonly_flag,rejected,robotics-fork,1,halt the conveyor,yes,True,True,2.123
qwen2.5:14b-instruct,addonly_flag,control,robotics-fork,1,lock the loading bay,no,True,False,2.118
qwen2.5:14b-instruct,addonly,rejected,robotics-join,0,audit the bin inventory,yes,True,True,2.178
qwen2.5:14b-instruct,addonly,control,robotics-join,0,resume the line,no,True,False,2.12
qwen2.5:14b-instruct,addonly_merged,rejected,robotics-join,0,audit the bin inventory,yes,True,True,2.199
qwen2.5:14b-instruct,addonly_merged,control,robotics-join,0,resume the line,no,True,False,2.129
qwen2.5:14b-instruct,addonly_meta,rejected,robotics-join,0,audit the bin inventory,yes,True,True,2.237
qwen2.5:14b-instruct,addonly_meta,control,robotics-join,0,resume the line,no,True,False,2.119
qwen2.5:14b-instruct,addonly_flag,rejected,robotics-join,0,audit the bin inventory,yes,True,True,2.193
qwen2.5:14b-instruct,addonly_flag,control,robotics-join,0,resume the line,no,True,False,2.114
qwen2.5:14b-instruct,addonly,rejected,robotics-join,1,resume the line,yes,True,True,2.145
qwen2.5:14b-instruct,addonly,control,robotics-join,1,audit the bin inventory,no,True,False,2.106
qwen2.5:14b-instruct,addonly_merged,rejected,robotics-join,1,resume the line,yes,True,True,2.156
qwen2.5:14b-instruct,addonly_merged,control,robotics-join,1,audit the bin inventory,no,True,False,2.121
qwen2.5:14b-instruct,addonly_meta,rejected,robotics-join,1,resume the line,yes,True,True,2.172
qwen2.5:14b-instruct,addonly_meta,control,robotics-join,1,audit the bin inventory,no,True,False,2.093
qwen2.5:14b-instruct,addonly_flag,rejected,robotics-join,1,resume the line,yes,True,True,2.173
qwen2.5:14b-instruct,addonly_flag,control,robotics-join,1,audit the bin inventory,no,True,False,2.113
qwen2.5:14b-instruct,addonly,rejected,robotics-join,3,lock the loading bay,yes,True,True,2.219
qwen2.5:14b-instruct,addonly,control,robotics-join,3,audit the bin inventory,no,True,False,2.097
qwen2.5:14b-instruct,addonly_merged,rejected,robotics-join,3,lock the loading bay,no,True,False,2.143
qwen2.5:14b-instruct,addonly_merged,control,robotics-join,3,audit the bin inventory,no,True,False,2.15
qwen2.5:14b-instruct,addonly_meta,rejected,robotics-join,3,lock the loading bay,no,True,False,2.173
qwen2.5:14b-instruct,addonly_meta,control,robotics-join,3,audit the bin inventory,no,True,False,2.092
qwen2.5:14b-instruct,addonly_flag,rejected,robotics-join,3,lock the loading bay,yes,True,True,2.168
qwen2.5:14b-instruct,addonly_flag,control,robotics-join,3,audit the bin inventory,no,True,False,2.117
qwen2.5:14b-instruct,addonly,rejected,robotics-diamond,0,calibrate the picker arm,yes,True,True,2.245
qwen2.5:14b-instruct,addonly,control,robotics-diamond,0,audit the bin inventory,no,True,False,2.121
qwen2.5:14b-instruct,addonly_merged,rejected,robotics-diamond,0,calibrate the picker arm,yes,True,True,2.21
qwen2.5:14b-instruct,addonly_merged,control,robotics-diamond,0,audit the bin inventory,no,True,False,2.077
qwen2.5:14b-instruct,addonly_meta,rejected,robotics-diamond,0,calibrate the picker arm,yes,True,True,2.193
qwen2.5:14b-instruct,addonly_meta,control,robotics-diamond,0,audit the bin inventory,no,True,False,2.142
qwen2.5:14b-instruct,addonly_flag,rejected,robotics-diamond,0,calibrate the picker arm,yes,True,True,2.144
qwen2.5:14b-instruct,addonly_flag,control,robotics-diamond,0,audit the bin inventory,no,True,False,2.117
qwen2.5:14b-instruct,addonly,rejected,robotics-diamond,1,audit the bin inventory,yes,True,True,2.21
qwen2.5:14b-instruct,addonly,control,robotics-diamond,1,calibrate the picker arm,no,True,False,2.109
qwen2.5:14b-instruct,addonly_merged,rejected,robotics-diamond,1,audit the bin inventory,yes,True,True,2.156
qwen2.5:14b-instruct,addonly_merged,control,robotics-diamond,1,calibrate the picker arm,no,True,False,2.106
qwen2.5:14b-instruct,addonly_meta,rejected,robotics-diamond,1,audit the bin inventory,yes,True,True,2.159
qwen2.5:14b-instruct,addonly_meta,control,robotics-diamond,1,calibrate the picker arm,no,True,False,2.129
qwen2.5:14b-instruct,addonly_flag,rejected,robotics-diamond,1,audit the bin inventory,yes,True,True,2.198
qwen2.5:14b-instruct,addonly_flag,control,robotics-diamond,1,calibrate the picker arm,no,True,False,2.113
qwen2.5:14b-instruct,addonly,rejected,robotics-diamond,3,halt the conveyor,yes,True,True,2.17
qwen2.5:14b-instruct,addonly,control,robotics-diamond,3,calibrate the picker arm,no,True,False,2.115
qwen2.5:14b-instruct,addonly_merged,rejected,robotics-diamond,3,halt the conveyor,yes,True,True,2.175
qwen2.5:14b-instruct,addonly_merged,control,robotics-diamond,3,calibrate the picker arm,no,True,False,2.132
qwen2.5:14b-instruct,addonly_meta,rejected,robotics-diamond,3,halt the conveyor,no,True,False,2.186
qwen2.5:14b-instruct,addonly_meta,control,robotics-diamond,3,calibrate the picker arm,no,True,False,2.102
qwen2.5:14b-instruct,addonly_flag,rejected,robotics-diamond,3,halt the conveyor,yes,True,True,2.196
qwen2.5:14b-instruct,addonly_flag,control,robotics-diamond,3,calibrate the picker arm,no,True,False,2.13
qwen2.5:14b-instruct,addonly,rejected,robotics-twochain,0,swap the gripper assembly,yes,True,True,2.197
qwen2.5:14b-instruct,addonly,control,robotics-twochain,0,resume the line,no,True,False,2.104
qwen2.5:14b-instruct,addonly_merged,rejected,robotics-twochain,0,swap the gripper assembly,yes,True,True,2.16
qwen2.5:14b-instruct,addonly_merged,control,robotics-twochain,0,resume the line,no,True,False,2.131
qwen2.5:14b-instruct,addonly_meta,rejected,robotics-twochain,0,swap the gripper assembly,yes,True,True,2.172
qwen2.5:14b-instruct,addonly_meta,control,robotics-twochain,0,resume the line,no,True,False,2.133
qwen2.5:14b-instruct,addonly_flag,rejected,robotics-twochain,0,swap the gripper assembly,yes,True,True,2.133
qwen2.5:14b-instruct,addonly_flag,control,robotics-twochain,0,resume the line,no,True,False,2.122
qwen2.5:14b-instruct,addonly,rejected,robotics-twochain,1,resume the line,yes,True,True,2.173
qwen2.5:14b-instruct,addonly,control,robotics-twochain,1,swap the gripper assembly,no,True,False,2.124
qwen2.5:14b-instruct,addonly_merged,rejected,robotics-twochain,1,resume the line,yes,True,True,2.178
qwen2.5:14b-instruct,addonly_merged,control,robotics-twochain,1,swap the gripper assembly,no,True,False,2.097
qwen2.5:14b-instruct,addonly_meta,rejected,robotics-twochain,1,resume the line,yes,True,True,2.183
qwen2.5:14b-instruct,addonly_meta,control,robotics-twochain,1,swap the gripper assembly,no,True,False,2.121
qwen2.5:14b-instruct,addonly_flag,rejected,robotics-twochain,1,resume the line,yes,True,True,2.209
qwen2.5:14b-instruct,addonly_flag,control,robotics-twochain,1,swap the gripper assembly,no,True,False,2.121
qwen2.5:14b-instruct,addonly,rejected,robotics-twochain,3,lock the loading bay,yes,True,True,2.164
qwen2.5:14b-instruct,addonly,control,robotics-twochain,3,swap the gripper assembly,no,True,False,2.138
qwen2.5:14b-instruct,addonly_merged,rejected,robotics-twochain,3,lock the loading bay,yes,True,True,2.146
qwen2.5:14b-instruct,addonly_merged,control,robotics-twochain,3,swap the gripper assembly,no,True,False,2.111
qwen2.5:14b-instruct,addonly_meta,rejected,robotics-twochain,3,lock the loading bay,no,True,False,2.141
qwen2.5:14b-instruct,addonly_meta,control,robotics-twochain,3,swap the gripper assembly,no,True,False,2.107
qwen2.5:14b-instruct,addonly_flag,rejected,robotics-twochain,3,lock the loading bay,yes,True,True,2.115
qwen2.5:14b-instruct,addonly_flag,control,robotics-twochain,3,swap the gripper assembly,no,True,False,2.123
qwen2.5:14b-instruct,addonly,rejected,robotics-star,0,lock the loading bay,yes,True,True,2.23
qwen2.5:14b-instruct,addonly,control,robotics-star,0,halt the conveyor,no,True,False,2.115
qwen2.5:14b-instruct,addonly_merged,rejected,robotics-star,0,lock the loading bay,yes,True,True,2.173
qwen2.5:14b-instruct,addonly_merged,control,robotics-star,0,halt the conveyor,no,True,False,2.102
qwen2.5:14b-instruct,addonly_meta,rejected,robotics-star,0,lock the loading bay,no,True,False,2.171
qwen2.5:14b-instruct,addonly_meta,control,robotics-star,0,halt the conveyor,no,True,False,2.122
qwen2.5:14b-instruct,addonly_flag,rejected,robotics-star,0,lock the loading bay,yes,True,True,2.155
qwen2.5:14b-instruct,addonly_flag,control,robotics-star,0,halt the conveyor,no,True,False,2.127
qwen2.5:14b-instruct,addonly,rejected,robotics-star,1,halt the conveyor,yes,True,True,2.183
qwen2.5:14b-instruct,addonly,control,robotics-star,1,lock the loading bay,no,True,False,2.116
qwen2.5:14b-instruct,addonly_merged,rejected,robotics-star,1,halt the conveyor,yes,True,True,2.168
qwen2.5:14b-instruct,addonly_merged,control,robotics-star,1,lock the loading bay,no,True,False,2.132
qwen2.5:14b-instruct,addonly_meta,rejected,robotics-star,1,halt the conveyor,yes,True,True,2.198
qwen2.5:14b-instruct,addonly_meta,control,robotics-star,1,lock the loading bay,no,True,False,2.11
qwen2.5:14b-instruct,addonly_flag,rejected,robotics-star,1,halt the conveyor,yes,True,True,2.151
qwen2.5:14b-instruct,addonly_flag,control,robotics-star,1,lock the loading bay,no,True,False,2.138
qwen2.5:14b-instruct,addonly,rejected,robotics-star,3,calibrate the picker arm,yes,True,True,2.253
qwen2.5:14b-instruct,addonly,control,robotics-star,3,lock the loading bay,no,True,False,2.141
qwen2.5:14b-instruct,addonly_merged,rejected,robotics-star,3,calibrate the picker arm,yes,True,True,2.203
qwen2.5:14b-instruct,addonly_merged,control,robotics-star,3,lock the loading bay,no,True,False,2.135
qwen2.5:14b-instruct,addonly_meta,rejected,robotics-star,3,calibrate the picker arm,yes,True,True,2.191
qwen2.5:14b-instruct,addonly_meta,control,robotics-star,3,lock the loading bay,no,True,False,2.11
qwen2.5:14b-instruct,addonly_flag,rejected,robotics-star,3,calibrate the picker arm,yes,True,True,2.167
qwen2.5:14b-instruct,addonly_flag,control,robotics-star,3,lock the loading bay,no,True,False,2.083
qwen2.5:14b-instruct,addonly,rejected,pharmacy-chain,0,update the labelling record,yes,True,True,2.203
qwen2.5:14b-instruct,addonly,control,pharmacy-chain,0,verify the assay result,no,True,False,2.096
qwen2.5:14b-instruct,addonly_merged,rejected,pharmacy-chain,0,update the labelling record,yes,True,True,2.138
qwen2.5:14b-instruct,addonly_merged,control,pharmacy-chain,0,verify the assay result,no,True,False,2.126
qwen2.5:14b-instruct,addonly_meta,rejected,pharmacy-chain,0,update the labelling record,no,True,False,2.167
qwen2.5:14b-instruct,addonly_meta,control,pharmacy-chain,0,verify the assay result,no,True,False,2.139
qwen2.5:14b-instruct,addonly_flag,rejected,pharmacy-chain,0,update the labelling record,yes,True,True,2.131
qwen2.5:14b-instruct,addonly_flag,control,pharmacy-chain,0,verify the assay result,no,True,False,2.109
qwen2.5:14b-instruct,addonly,rejected,pharmacy-chain,1,verify the assay result,yes,True,True,2.155
qwen2.5:14b-instruct,addonly,control,pharmacy-chain,1,update the labelling record,no,True,False,2.109
qwen2.5:14b-instruct,addonly_merged,rejected,pharmacy-chain,1,verify the assay result,yes,True,True,2.155
qwen2.5:14b-instruct,addonly_merged,control,pharmacy-chain,1,update the labelling record,no,True,False,2.122
qwen2.5:14b-instruct,addonly_meta,rejected,pharmacy-chain,1,verify the assay result,no,True,False,2.178
qwen2.5:14b-instruct,addonly_meta,control,pharmacy-chain,1,update the labelling record,no,True,False,2.101
qwen2.5:14b-instruct,addonly_flag,rejected,pharmacy-chain,1,verify the assay result,yes,True,True,2.136
qwen2.5:14b-instruct,addonly_flag,control,pharmacy-chain,1,update the labelling record,no,True,False,2.103
qwen2.5:14b-instruct,addonly,rejected,pharmacy-fork,0,verify the assay result,yes,True,True,2.169
qwen2.5:14b-instruct,addonly,control,pharmacy-fork,0,notify prescribers,no,True,False,2.104
qwen2.5:14b-instruct,addonly_merged,rejected,pharmacy-fork,0,verify the assay result,yes,True,True,2.169
qwen2.5:14b-instruct,addonly_merged,control,pharmacy-fork,0,notify prescribers,no,True,False,2.146
qwen2.5:14b-instruct,addonly_meta,rejected,pharmacy-fork,0,verify the assay result,yes,True,True,2.19
qwen2.5:14b-instruct,addonly_meta,control,pharmacy-fork,0,notify prescribers,no,True,False,2.142
qwen2.5:14b-instruct,addonly_flag,rejected,pharmacy-fork,0,verify the assay result,yes,True,True,2.166
qwen2.5:14b-instruct,addonly_flag,control,pharmacy-fork,0,notify prescribers,no,True,False,2.1
qwen2.5:14b-instruct,addonly,rejected,pharmacy-fork,1,notify prescribers,yes,True,True,2.155
qwen2.5:14b-instruct,addonly,control,pharmacy-fork,1,verify the assay result,no,True,False,2.136
qwen2.5:14b-instruct,addonly_merged,rejected,pharmacy-fork,1,notify prescribers,yes,True,True,2.227
qwen2.5:14b-instruct,addonly_merged,control,pharmacy-fork,1,verify the assay result,no,True,False,2.119
qwen2.5:14b-instruct,addonly_meta,rejected,pharmacy-fork,1,notify prescribers,yes,True,True,2.194
qwen2.5:14b-instruct,addonly_meta,control,pharmacy-fork,1,verify the assay result,no,True,False,2.111
qwen2.5:14b-instruct,addonly_flag,rejected,pharmacy-fork,1,notify prescribers,yes,True,True,2.175
qwen2.5:14b-instruct,addonly_flag,control,pharmacy-fork,1,verify the assay result,no,True,False,2.122
qwen2.5:14b-instruct,addonly,rejected,pharmacy-join,0,notify prescribers,yes,True,True,2.214
qwen2.5:14b-instruct,addonly,control,pharmacy-join,0,release the stock,no,True,False,2.122
qwen2.5:14b-instruct,addonly_merged,rejected,pharmacy-join,0,notify prescribers,yes,True,True,2.195
qwen2.5:14b-instruct,addonly_merged,control,pharmacy-join,0,release the stock,no,True,False,2.102
qwen2.5:14b-instruct,addonly_meta,rejected,pharmacy-join,0,notify prescribers,yes,True,True,2.195
qwen2.5:14b-instruct,addonly_meta,control,pharmacy-join,0,release the stock,no,True,False,2.099
qwen2.5:14b-instruct,addonly_flag,rejected,pharmacy-join,0,notify prescribers,yes,True,True,2.151
qwen2.5:14b-instruct,addonly_flag,control,pharmacy-join,0,release the stock,no,True,False,2.123
qwen2.5:14b-instruct,addonly,rejected,pharmacy-join,1,release the stock,yes,True,True,2.177
qwen2.5:14b-instruct,addonly,control,pharmacy-join,1,notify prescribers,no,True,False,2.131
qwen2.5:14b-instruct,addonly_merged,rejected,pharmacy-join,1,release the stock,yes,True,True,2.156
qwen2.5:14b-instruct,addonly_merged,control,pharmacy-join,1,notify prescribers,no,True,False,2.133
qwen2.5:14b-instruct,addonly_meta,rejected,pharmacy-join,1,release the stock,yes,True,True,2.161
qwen2.5:14b-instruct,addonly_meta,control,pharmacy-join,1,notify prescribers,no,True,False,2.138
qwen2.5:14b-instruct,addonly_flag,rejected,pharmacy-join,1,release the stock,yes,True,True,2.129
qwen2.5:14b-instruct,addonly_flag,control,pharmacy-join,1,notify prescribers,no,True,False,2.13
qwen2.5:14b-instruct,addonly,rejected,pharmacy-join,3,recall the outbound shipment,yes,True,True,2.205
qwen2.5:14b-instruct,addonly,control,pharmacy-join,3,notify prescribers,no,True,False,2.139
qwen2.5:14b-instruct,addonly_merged,rejected,pharmacy-join,3,recall the outbound shipment,yes,True,True,2.162
qwen2.5:14b-instruct,addonly_merged,control,pharmacy-join,3,notify prescribers,no,True,False,2.108
qwen2.5:14b-instruct,addonly_meta,rejected,pharmacy-join,3,recall the outbound shipment,yes,True,True,2.192
qwen2.5:14b-instruct,addonly_meta,control,pharmacy-join,3,notify prescribers,no,True,False,2.128
qwen2.5:14b-instruct,addonly_flag,rejected,pharmacy-join,3,recall the outbound shipment,yes,True,True,2.159
qwen2.5:14b-instruct,addonly_flag,control,pharmacy-join,3,notify prescribers,no,True,False,2.131
qwen2.5:14b-instruct,addonly,rejected,pharmacy-diamond,0,verify the assay result,yes,True,True,2.173
qwen2.5:14b-instruct,addonly,control,pharmacy-diamond,0,release the stock,no,True,False,2.105
qwen2.5:14b-instruct,addonly_merged,rejected,pharmacy-diamond,0,verify the assay result,yes,True,True,2.134
qwen2.5:14b-instruct,addonly_merged,control,pharmacy-diamond,0,release the stock,no,True,False,2.117
qwen2.5:14b-instruct,addonly_meta,rejected,pharmacy-diamond,0,verify the assay result,yes,True,True,2.108
qwen2.5:14b-instruct,addonly_meta,control,pharmacy-diamond,0,release the stock,no,True,False,2.129
qwen2.5:14b-instruct,addonly_flag,rejected,pharmacy-diamond,0,verify the assay result,yes,True,True,2.144
qwen2.5:14b-instruct,addonly_flag,control,pharmacy-diamond,0,release the stock,no,True,False,2.123
qwen2.5:14b-instruct,addonly,rejected,pharmacy-diamond,1,release the stock,yes,True,True,2.176
qwen2.5:14b-instruct,addonly,control,pharmacy-diamond,1,verify the assay result,no,True,False,2.156
qwen2.5:14b-instruct,addonly_merged,rejected,pharmacy-diamond,1,release the stock,yes,True,True,2.172
qwen2.5:14b-instruct,addonly_merged,control,pharmacy-diamond,1,verify the assay result,no,True,False,2.133
qwen2.5:14b-instruct,addonly_meta,rejected,pharmacy-diamond,1,release the stock,yes,True,True,2.249
qwen2.5:14b-instruct,addonly_meta,control,pharmacy-diamond,1,verify the assay result,no,True,False,2.108
qwen2.5:14b-instruct,addonly_flag,rejected,pharmacy-diamond,1,release the stock,yes,True,True,2.176
qwen2.5:14b-instruct,addonly_flag,control,pharmacy-diamond,1,verify the assay result,no,True,False,2.123
qwen2.5:14b-instruct,addonly,rejected,pharmacy-diamond,3,recall the outbound shipment,yes,True,True,2.177
qwen2.5:14b-instruct,addonly,control,pharmacy-diamond,3,verify the assay result,no,True,False,2.092
qwen2.5:14b-instruct,addonly_merged,rejected,pharmacy-diamond,3,recall the outbound shipment,yes,True,True,2.172
qwen2.5:14b-instruct,addonly_merged,control,pharmacy-diamond,3,verify the assay result,no,True,False,2.098
qwen2.5:14b-instruct,addonly_meta,rejected,pharmacy-diamond,3,recall the outbound shipment,yes,True,True,2.139
qwen2.5:14b-instruct,addonly_meta,control,pharmacy-diamond,3,verify the assay result,no,True,False,2.124
qwen2.5:14b-instruct,addonly_flag,rejected,pharmacy-diamond,3,recall the outbound shipment,yes,True,True,2.164
qwen2.5:14b-instruct,addonly_flag,control,pharmacy-diamond,3,verify the assay result,no,True,False,2.099
qwen2.5:14b-instruct,addonly,rejected,pharmacy-twochain,0,recall the outbound shipment,yes,True,True,2.202
qwen2.5:14b-instruct,addonly,control,pharmacy-twochain,0,update the labelling record,no,True,False,2.08
qwen2.5:14b-instruct,addonly_merged,rejected,pharmacy-twochain,0,recall the outbound shipment,yes,True,True,2.159
qwen2.5:14b-instruct,addonly_merged,control,pharmacy-twochain,0,update the labelling record,no,True,False,2.104
qwen2.5:14b-instruct,addonly_meta,rejected,pharmacy-twochain,0,recall the outbound shipment,yes,True,True,2.162
qwen2.5:14b-instruct,addonly_meta,control,pharmacy-twochain,0,update the labelling record,no,True,False,2.07
qwen2.5:14b-instruct,addonly_flag,rejected,pharmacy-twochain,0,recall the outbound shipment,yes,True,True,2.202
qwen2.5:14b-instruct,addonly_flag,control,pharmacy-twochain,0,update the labelling record,no,True,False,2.124
qwen2.5:14b-instruct,addonly,rejected,pharmacy-twochain,1,update the labelling record,yes,True,True,2.197
qwen2.5:14b-instruct,addonly,control,pharmacy-twochain,1,recall the outbound shipment,no,True,False,2.117
qwen2.5:14b-instruct,addonly_merged,rejected,pharmacy-twochain,1,update the labelling record,yes,True,True,2.156
qwen2.5:14b-instruct,addonly_merged,control,pharmacy-twochain,1,recall the outbound shipment,no,True,False,2.097
qwen2.5:14b-instruct,addonly_meta,rejected,pharmacy-twochain,1,update the labelling record,yes,True,True,2.198
qwen2.5:14b-instruct,addonly_meta,control,pharmacy-twochain,1,recall the outbound shipment,no,True,False,2.122
qwen2.5:14b-instruct,addonly_flag,rejected,pharmacy-twochain,1,update the labelling record,yes,True,True,2.182
qwen2.5:14b-instruct,addonly_flag,control,pharmacy-twochain,1,recall the outbound shipment,no,True,False,2.08
qwen2.5:14b-instruct,addonly,rejected,pharmacy-twochain,3,release the stock,yes,True,True,2.195
qwen2.5:14b-instruct,addonly,control,pharmacy-twochain,3,recall the outbound shipment,no,True,False,2.124
qwen2.5:14b-instruct,addonly_merged,rejected,pharmacy-twochain,3,release the stock,yes,True,True,2.184
qwen2.5:14b-instruct,addonly_merged,control,pharmacy-twochain,3,recall the outbound shipment,no,True,False,2.103
qwen2.5:14b-instruct,addonly_meta,rejected,pharmacy-twochain,3,release the stock,yes,True,True,2.172
qwen2.5:14b-instruct,addonly_meta,control,pharmacy-twochain,3,recall the outbound shipment,no,True,False,2.088
qwen2.5:14b-instruct,addonly_flag,rejected,pharmacy-twochain,3,release the stock,yes,True,True,2.14
qwen2.5:14b-instruct,addonly_flag,control,pharmacy-twochain,3,recall the outbound shipment,no,True,False,2.134
qwen2.5:14b-instruct,addonly,rejected,pharmacy-star,0,quarantine the batch,yes,True,True,2.176
qwen2.5:14b-instruct,addonly,control,pharmacy-star,0,release the stock,no,True,False,2.128
qwen2.5:14b-instruct,addonly_merged,rejected,pharmacy-star,0,quarantine the batch,yes,True,True,2.156
qwen2.5:14b-instruct,addonly_merged,control,pharmacy-star,0,release the stock,no,True,False,2.123
qwen2.5:14b-instruct,addonly_meta,rejected,pharmacy-star,0,quarantine the batch,yes,True,True,2.21
qwen2.5:14b-instruct,addonly_meta,control,pharmacy-star,0,release the stock,no,True,False,2.121
qwen2.5:14b-instruct,addonly_flag,rejected,pharmacy-star,0,quarantine the batch,yes,True,True,2.144
qwen2.5:14b-instruct,addonly_flag,control,pharmacy-star,0,release the stock,no,True,False,2.118
qwen2.5:14b-instruct,addonly,rejected,pharmacy-star,1,release the stock,yes,True,True,2.22
qwen2.5:14b-instruct,addonly,control,pharmacy-star,1,quarantine the batch,no,True,False,2.113
qwen2.5:14b-instruct,addonly_merged,rejected,pharmacy-star,1,release the stock,yes,True,True,2.149
qwen2.5:14b-instruct,addonly_merged,control,pharmacy-star,1,quarantine the batch,no,True,False,2.131
qwen2.5:14b-instruct,addonly_meta,rejected,pharmacy-star,1,release the stock,yes,True,True,2.183
qwen2.5:14b-instruct,addonly_meta,control,pharmacy-star,1,quarantine the batch,no,True,False,2.128
qwen2.5:14b-instruct,addonly_flag,rejected,pharmacy-star,1,release the stock,yes,True,True,2.145
qwen2.5:14b-instruct,addonly_flag,control,pharmacy-star,1,quarantine the batch,no,True,False,2.115
qwen2.5:14b-instruct,addonly,rejected,pharmacy-star,3,update the labelling record,yes,True,True,2.161
qwen2.5:14b-instruct,addonly,control,pharmacy-star,3,quarantine the batch,no,True,False,2.097
qwen2.5:14b-instruct,addonly_merged,rejected,pharmacy-star,3,update the labelling record,yes,True,True,2.14
qwen2.5:14b-instruct,addonly_merged,control,pharmacy-star,3,quarantine the batch,no,True,False,2.08
qwen2.5:14b-instruct,addonly_meta,rejected,pharmacy-star,3,update the labelling record,no,True,False,2.156
qwen2.5:14b-instruct,addonly_meta,control,pharmacy-star,3,quarantine the batch,no,True,False,2.146
qwen2.5:14b-instruct,addonly_flag,rejected,pharmacy-star,3,update the labelling record,no,True,False,2.169
qwen2.5:14b-instruct,addonly_flag,control,pharmacy-star,3,quarantine the batch,no,True,False,2.096
qwen2.5:14b-instruct,addonly,rejected,satellite-chain,0,dump the stored telemetry,yes,True,True,2.223
qwen2.5:14b-instruct,addonly,control,satellite-chain,0,reorient the solar panel,no,True,False,2.13
qwen2.5:14b-instruct,addonly_merged,rejected,satellite-chain,0,dump the stored telemetry,yes,True,True,2.148
qwen2.5:14b-instruct,addonly_merged,control,satellite-chain,0,reorient the solar panel,no,True,False,2.114
qwen2.5:14b-instruct,addonly_meta,rejected,satellite-chain,0,dump the stored telemetry,no,True,False,2.151
qwen2.5:14b-instruct,addonly_meta,control,satellite-chain,0,reorient the solar panel,no,True,False,2.109
qwen2.5:14b-instruct,addonly_flag,rejected,satellite-chain,0,dump the stored telemetry,yes,True,True,2.105
qwen2.5:14b-instruct,addonly_flag,control,satellite-chain,0,reorient the solar panel,no,True,False,2.152
qwen2.5:14b-instruct,addonly,rejected,satellite-chain,1,reorient the solar panel,yes,True,True,2.212
qwen2.5:14b-instruct,addonly,control,satellite-chain,1,dump the stored telemetry,no,True,False,2.133
qwen2.5:14b-instruct,addonly_merged,rejected,satellite-chain,1,reorient the solar panel,yes,True,True,2.172
qwen2.5:14b-instruct,addonly_merged,control,satellite-chain,1,dump the stored telemetry,no,True,False,2.112
qwen2.5:14b-instruct,addonly_meta,rejected,satellite-chain,1,reorient the solar panel,yes,True,True,2.187
qwen2.5:14b-instruct,addonly_meta,control,satellite-chain,1,dump the stored telemetry,no,True,False,2.096
qwen2.5:14b-instruct,addonly_flag,rejected,satellite-chain,1,reorient the solar panel,yes,True,True,2.194
qwen2.5:14b-instruct,addonly_flag,control,satellite-chain,1,dump the stored telemetry,no,True,False,2.127
qwen2.5:14b-instruct,addonly,rejected,satellite-fork,0,reorient the solar panel,yes,True,True,2.169
qwen2.5:14b-instruct,addonly,control,satellite-fork,0,calibrate the star tracker,no,True,False,2.12
qwen2.5:14b-instruct,addonly_merged,rejected,satellite-fork,0,reorient the solar panel,yes,True,True,2.165
qwen2.5:14b-instruct,addonly_merged,control,satellite-fork,0,calibrate the star tracker,no,True,False,2.132
qwen2.5:14b-instruct,addonly_meta,rejected,satellite-fork,0,reorient the solar panel,yes,True,True,2.212
qwen2.5:14b-instruct,addonly_meta,control,satellite-fork,0,calibrate the star tracker,no,True,False,2.123
qwen2.5:14b-instruct,addonly_flag,rejected,satellite-fork,0,reorient the solar panel,yes,True,True,2.195
qwen2.5:14b-instruct,addonly_flag,control,satellite-fork,0,calibrate the star tracker,no,True,False,2.108
qwen2.5:14b-instruct,addonly,rejected,satellite-fork,1,calibrate the star tracker,yes,True,True,2.163
qwen2.5:14b-instruct,addonly,control,satellite-fork,1,reorient the solar panel,no,True,False,2.103
qwen2.5:14b-instruct,addonly_merged,rejected,satellite-fork,1,calibrate the star tracker,yes,True,True,2.151
qwen2.5:14b-instruct,addonly_merged,control,satellite-fork,1,reorient the solar panel,no,True,False,2.112
qwen2.5:14b-instruct,addonly_meta,rejected,satellite-fork,1,calibrate the star tracker,yes,True,True,2.156
qwen2.5:14b-instruct,addonly_meta,control,satellite-fork,1,reorient the solar panel,no,True,False,2.096
qwen2.5:14b-instruct,addonly_flag,rejected,satellite-fork,1,calibrate the star tracker,yes,True,True,2.151
qwen2.5:14b-instruct,addonly_flag,control,satellite-fork,1,reorient the solar panel,no,True,False,2.105
qwen2.5:14b-instruct,addonly,rejected,satellite-join,0,patch the bus firmware,yes,True,True,2.207
qwen2.5:14b-instruct,addonly,control,satellite-join,0,put the craft into safe mode,no,True,False,2.111
qwen2.5:14b-instruct,addonly_merged,rejected,satellite-join,0,patch the bus firmware,yes,True,True,2.139
qwen2.5:14b-instruct,addonly_merged,control,satellite-join,0,put the craft into safe mode,no,True,False,2.126
qwen2.5:14b-instruct,addonly_meta,rejected,satellite-join,0,patch the bus firmware,yes,True,True,2.156
qwen2.5:14b-instruct,addonly_meta,control,satellite-join,0,put the craft into safe mode,no,True,False,2.137
qwen2.5:14b-instruct,addonly_flag,rejected,satellite-join,0,patch the bus firmware,yes,True,True,2.133
qwen2.5:14b-instruct,addonly_flag,control,satellite-join,0,put the craft into safe mode,no,True,False,2.116
qwen2.5:14b-instruct,addonly,rejected,satellite-join,1,put the craft into safe mode,yes,True,True,2.164
qwen2.5:14b-instruct,addonly,control,satellite-join,1,patch the bus firmware,no,True,False,2.136
qwen2.5:14b-instruct,addonly_merged,rejected,satellite-join,1,put the craft into safe mode,yes,True,True,2.143
qwen2.5:14b-instruct,addonly_merged,control,satellite-join,1,patch the bus firmware,no,True,False,2.096
qwen2.5:14b-instruct,addonly_meta,rejected,satellite-join,1,put the craft into safe mode,yes,True,True,2.217
qwen2.5:14b-instruct,addonly_meta,control,satellite-join,1,patch the bus firmware,no,True,False,2.123
qwen2.5:14b-instruct,addonly_flag,rejected,satellite-join,1,put the craft into safe mode,yes,True,True,2.19
qwen2.5:14b-instruct,addonly_flag,control,satellite-join,1,patch the bus firmware,no,True,False,2.131
qwen2.5:14b-instruct,addonly,rejected,satellite-join,3,reorient the solar panel,yes,True,True,2.208
qwen2.5:14b-instruct,addonly,control,satellite-join,3,patch the bus firmware,no,True,False,2.159
qwen2.5:14b-instruct,addonly_merged,rejected,satellite-join,3,reorient the solar panel,yes,True,True,2.152
qwen2.5:14b-instruct,addonly_merged,control,satellite-join,3,patch the bus firmware,no,True,False,2.154
qwen2.5:14b-instruct,addonly_meta,rejected,satellite-join,3,reorient the solar panel,no,True,False,2.176
qwen2.5:14b-instruct,addonly_meta,control,satellite-join,3,patch the bus firmware,no,True,False,2.112
qwen2.5:14b-instruct,addonly_flag,rejected,satellite-join,3,reorient the solar panel,yes,True,True,2.139
qwen2.5:14b-instruct,addonly_flag,control,satellite-join,3,patch the bus firmware,no,True,False,2.107
qwen2.5:14b-instruct,addonly,rejected,satellite-diamond,0,reorient the solar panel,yes,True,True,2.178
qwen2.5:14b-instruct,addonly,control,satellite-diamond,0,resume the downlink,no,True,False,2.108
qwen2.5:14b-instruct,addonly_merged,rejected,satellite-diamond,0,reorient the solar panel,yes,True,True,2.146
qwen2.5:14b-instruct,addonly_merged,control,satellite-diamond,0,resume the downlink,no,True,False,2.108
qwen2.5:14b-instruct,addonly_meta,rejected,satellite-diamond,0,reorient the solar panel,yes,True,True,2.139
qwen2.5:14b-instruct,addonly_meta,control,satellite-diamond,0,resume the downlink,no,True,False,2.136
qwen2.5:14b-instruct,addonly_flag,rejected,satellite-diamond,0,reorient the solar panel,yes,True,True,2.134
qwen2.5:14b-instruct,addonly_flag,control,satellite-diamond,0,resume the downlink,no,True,False,2.103
qwen2.5:14b-instruct,addonly,rejected,satellite-diamond,1,resume the downlink,yes,True,True,2.219
qwen2.5:14b-instruct,addonly,control,satellite-diamond,1,reorient the solar panel,no,True,False,2.166
qwen2.5:14b-instruct,addonly_merged,rejected,satellite-diamond,1,resume the downlink,yes,True,True,2.171
qwen2.5:14b-instruct,addonly_merged,control,satellite-diamond,1,reorient the solar panel,no,True,False,2.097
qwen2.5:14b-instruct,addonly_meta,rejected,satellite-diamond,1,resume the downlink,yes,True,True,2.212
qwen2.5:14b-instruct,addonly_meta,control,satellite-diamond,1,reorient the solar panel,no,True,False,2.1
qwen2.5:14b-instruct,addonly_flag,rejected,satellite-diamond,1,resume the downlink,yes,True,True,2.172
qwen2.5:14b-instruct,addonly_flag,control,satellite-diamond,1,reorient the solar panel,no,True,False,2.124
qwen2.5:14b-instruct,addonly,rejected,satellite-diamond,3,calibrate the star tracker,yes,True,True,2.184
qwen2.5:14b-instruct,addonly,control,satellite-diamond,3,reorient the solar panel,no,True,False,2.125
qwen2.5:14b-instruct,addonly_merged,rejected,satellite-diamond,3,calibrate the star tracker,yes,True,True,2.143
qwen2.5:14b-instruct,addonly_merged,control,satellite-diamond,3,reorient the solar panel,no,True,False,2.144
qwen2.5:14b-instruct,addonly_meta,rejected,satellite-diamond,3,calibrate the star tracker,yes,True,True,2.129
qwen2.5:14b-instruct,addonly_meta,control,satellite-diamond,3,reorient the solar panel,no,True,False,2.113
qwen2.5:14b-instruct,addonly_flag,rejected,satellite-diamond,3,calibrate the star tracker,yes,True,True,2.094
qwen2.5:14b-instruct,addonly_flag,control,satellite-diamond,3,reorient the solar panel,no,True,False,2.126
qwen2.5:14b-instruct,addonly,rejected,satellite-twochain,0,put the craft into safe mode,yes,True,True,2.234
qwen2.5:14b-instruct,addonly,control,satellite-twochain,0,resume the downlink,no,True,False,2.129
qwen2.5:14b-instruct,addonly_merged,rejected,satellite-twochain,0,put the craft into safe mode,no,True,False,2.189
qwen2.5:14b-instruct,addonly_merged,control,satellite-twochain,0,resume the downlink,no,True,False,2.118
qwen2.5:14b-instruct,addonly_meta,rejected,satellite-twochain,0,put the craft into safe mode,no,True,False,2.159
qwen2.5:14b-instruct,addonly_meta,control,satellite-twochain,0,resume the downlink,no,True,False,2.13
qwen2.5:14b-instruct,addonly_flag,rejected,satellite-twochain,0,put the craft into safe mode,yes,True,True,2.156
qwen2.5:14b-instruct,addonly_flag,control,satellite-twochain,0,resume the downlink,no,True,False,2.112
qwen2.5:14b-instruct,addonly,rejected,satellite-twochain,1,resume the downlink,yes,True,True,2.178
qwen2.5:14b-instruct,addonly,control,satellite-twochain,1,put the craft into safe mode,no,True,False,2.108
qwen2.5:14b-instruct,addonly_merged,rejected,satellite-twochain,1,resume the downlink,yes,True,True,2.156
qwen2.5:14b-instruct,addonly_merged,control,satellite-twochain,1,put the craft into safe mode,no,True,False,2.092
qwen2.5:14b-instruct,addonly_meta,rejected,satellite-twochain,1,resume the downlink,yes,True,True,2.199
qwen2.5:14b-instruct,addonly_meta,control,satellite-twochain,1,put the craft into safe mode,no,True,False,2.114
qwen2.5:14b-instruct,addonly_flag,rejected,satellite-twochain,1,resume the downlink,yes,True,True,2.2
qwen2.5:14b-instruct,addonly_flag,control,satellite-twochain,1,put the craft into safe mode,no,True,False,2.105
qwen2.5:14b-instruct,addonly,rejected,satellite-twochain,3,patch the bus firmware,yes,True,True,2.239
qwen2.5:14b-instruct,addonly,control,satellite-twochain,3,put the craft into safe mode,no,True,False,2.124
qwen2.5:14b-instruct,addonly_merged,rejected,satellite-twochain,3,patch the bus firmware,yes,True,True,2.165
qwen2.5:14b-instruct,addonly_merged,control,satellite-twochain,3,put the craft into safe mode,no,True,False,2.102
qwen2.5:14b-instruct,addonly_meta,rejected,satellite-twochain,3,patch the bus firmware,no,True,False,2.174
qwen2.5:14b-instruct,addonly_meta,control,satellite-twochain,3,put the craft into safe mode,no,True,False,2.117
qwen2.5:14b-instruct,addonly_flag,rejected,satellite-twochain,3,patch the bus firmware,yes,True,True,2.134
qwen2.5:14b-instruct,addonly_flag,control,satellite-twochain,3,put the craft into safe mode,no,True,False,2.14
qwen2.5:14b-instruct,addonly,rejected,satellite-star,0,reorient the solar panel,yes,True,True,2.231
qwen2.5:14b-instruct,addonly,control,satellite-star,0,dump the stored telemetry,no,True,False,2.079
qwen2.5:14b-instruct,addonly_merged,rejected,satellite-star,0,reorient the solar panel,yes,True,True,2.164
qwen2.5:14b-instruct,addonly_merged,control,satellite-star,0,dump the stored telemetry,no,True,False,2.144
qwen2.5:14b-instruct,addonly_meta,rejected,satellite-star,0,reorient the solar panel,no,True,False,2.203
qwen2.5:14b-instruct,addonly_meta,control,satellite-star,0,dump the stored telemetry,no,True,False,2.116
qwen2.5:14b-instruct,addonly_flag,rejected,satellite-star,0,reorient the solar panel,yes,True,True,2.177
qwen2.5:14b-instruct,addonly_flag,control,satellite-star,0,dump the stored telemetry,no,True,False,2.126
qwen2.5:14b-instruct,addonly,rejected,satellite-star,1,dump the stored telemetry,yes,True,True,2.193
qwen2.5:14b-instruct,addonly,control,satellite-star,1,reorient the solar panel,no,True,False,2.106
qwen2.5:14b-instruct,addonly_merged,rejected,satellite-star,1,dump the stored telemetry,yes,True,True,2.145
qwen2.5:14b-instruct,addonly_merged,control,satellite-star,1,reorient the solar panel,no,True,False,2.128
qwen2.5:14b-instruct,addonly_meta,rejected,satellite-star,1,dump the stored telemetry,no,True,False,2.151
qwen2.5:14b-instruct,addonly_meta,control,satellite-star,1,reorient the solar panel,no,True,False,2.125
qwen2.5:14b-instruct,addonly_flag,rejected,satellite-star,1,dump the stored telemetry,yes,True,True,2.141
qwen2.5:14b-instruct,addonly_flag,control,satellite-star,1,reorient the solar panel,no,True,False,2.139
qwen2.5:14b-instruct,addonly,rejected,satellite-star,3,put the craft into safe mode,yes,True,True,2.19
qwen2.5:14b-instruct,addonly,control,satellite-star,3,reorient the solar panel,no,True,False,2.133
qwen2.5:14b-instruct,addonly_merged,rejected,satellite-star,3,put the craft into safe mode,yes,True,True,2.203
qwen2.5:14b-instruct,addonly_merged,control,satellite-star,3,reorient the solar panel,no,True,False,2.098
qwen2.5:14b-instruct,addonly_meta,rejected,satellite-star,3,put the craft into safe mode,no,True,False,2.206
qwen2.5:14b-instruct,addonly_meta,control,satellite-star,3,reorient the solar panel,no,True,False,2.105
qwen2.5:14b-instruct,addonly_flag,rejected,satellite-star,3,put the craft into safe mode,yes,True,True,2.188
qwen2.5:14b-instruct,addonly_flag,control,satellite-star,3,reorient the solar panel,no,True,False,2.147
qwen2.5:14b-instruct,addonly,rejected,brewery-chain,0,stop the fermentation,no,True,False,2.181
qwen2.5:14b-instruct,addonly,control,brewery-chain,0,drain the vessel,no,True,False,2.121
qwen2.5:14b-instruct,addonly_merged,rejected,brewery-chain,0,stop the fermentation,yes,True,True,2.142
qwen2.5:14b-instruct,addonly_merged,control,brewery-chain,0,drain the vessel,no,True,False,2.106
qwen2.5:14b-instruct,addonly_meta,rejected,brewery-chain,0,stop the fermentation,no,True,False,2.115
qwen2.5:14b-instruct,addonly_meta,control,brewery-chain,0,drain the vessel,no,True,False,2.119
qwen2.5:14b-instruct,addonly_flag,rejected,brewery-chain,0,stop the fermentation,no,True,False,2.13
qwen2.5:14b-instruct,addonly_flag,control,brewery-chain,0,drain the vessel,no,True,False,2.135
qwen2.5:14b-instruct,addonly,rejected,brewery-chain,1,drain the vessel,yes,True,True,2.18
qwen2.5:14b-instruct,addonly,control,brewery-chain,1,stop the fermentation,no,True,False,2.107
qwen2.5:14b-instruct,addonly_merged,rejected,brewery-chain,1,drain the vessel,yes,True,True,2.15
qwen2.5:14b-instruct,addonly_merged,control,brewery-chain,1,stop the fermentation,no,True,False,2.113
qwen2.5:14b-instruct,addonly_meta,rejected,brewery-chain,1,drain the vessel,no,True,False,2.148
qwen2.5:14b-instruct,addonly_meta,control,brewery-chain,1,stop the fermentation,no,True,False,2.129
qwen2.5:14b-instruct,addonly_flag,rejected,brewery-chain,1,drain the vessel,yes,True,True,2.136
qwen2.5:14b-instruct,addonly_flag,control,brewery-chain,1,stop the fermentation,no,True,False,2.114
qwen2.5:14b-instruct,addonly,rejected,brewery-fork,0,reseed the yeast,yes,True,True,2.177
qwen2.5:14b-instruct,addonly,control,brewery-fork,0,stop the fermentation,no,True,False,2.142
qwen2.5:14b-instruct,addonly_merged,rejected,brewery-fork,0,reseed the yeast,yes,True,True,2.159
qwen2.5:14b-instruct,addonly_merged,control,brewery-fork,0,stop the fermentation,no,True,False,2.109
qwen2.5:14b-instruct,addonly_meta,rejected,brewery-fork,0,reseed the yeast,yes,True,True,2.185
qwen2.5:14b-instruct,addonly_meta,control,brewery-fork,0,stop the fermentation,no,True,False,2.137
qwen2.5:14b-instruct,addonly_flag,rejected,brewery-fork,0,reseed the yeast,yes,True,True,2.138
qwen2.5:14b-instruct,addonly_flag,control,brewery-fork,0,stop the fermentation,no,True,False,2.099
qwen2.5:14b-instruct,addonly,rejected,brewery-fork,1,stop the fermentation,yes,True,True,2.157
qwen2.5:14b-instruct,addonly,control,brewery-fork,1,reseed the yeast,no,True,False,2.143
qwen2.5:14b-instruct,addonly_merged,rejected,brewery-fork,1,stop the fermentation,no,True,False,2.159
qwen2.5:14b-instruct,addonly_merged,control,brewery-fork,1,reseed the yeast,no,True,False,2.126
qwen2.5:14b-instruct,addonly_meta,rejected,brewery-fork,1,stop the fermentation,no,True,False,2.142
qwen2.5:14b-instruct,addonly_meta,control,brewery-fork,1,reseed the yeast,no,True,False,2.103
qwen2.5:14b-instruct,addonly_flag,rejected,brewery-fork,1,stop the fermentation,yes,True,True,2.199
qwen2.5:14b-instruct,addonly_flag,control,brewery-fork,1,reseed the yeast,no,True,False,2.125
qwen2.5:14b-instruct,addonly,rejected,brewery-join,0,restart the batch,yes,True,True,2.324
qwen2.5:14b-instruct,addonly,control,brewery-join,0,sterilise the transfer line,no,True,False,2.098
qwen2.5:14b-instruct,addonly_merged,rejected,brewery-join,0,restart the batch,yes,True,True,2.153
qwen2.5:14b-instruct,addonly_merged,control,brewery-join,0,sterilise the transfer line,no,True,False,2.133
qwen2.5:14b-instruct,addonly_meta,rejected,brewery-join,0,restart the batch,yes,True,True,2.144
qwen2.5:14b-instruct,addonly_meta,control,brewery-join,0,sterilise the transfer line,no,True,False,2.127
qwen2.5:14b-instruct,addonly_flag,rejected,brewery-join,0,restart the batch,yes,True,True,2.149
qwen2.5:14b-instruct,addonly_flag,control,brewery-join,0,sterilise the transfer line,no,True,False,2.117
qwen2.5:14b-instruct,addonly,rejected,brewery-join,1,sterilise the transfer line,yes,True,True,2.466
qwen2.5:14b-instruct,addonly,control,brewery-join,1,restart the batch,no,True,False,2.094
qwen2.5:14b-instruct,addonly_merged,rejected,brewery-join,1,sterilise the transfer line,yes,True,True,2.143
qwen2.5:14b-instruct,addonly_merged,control,brewery-join,1,restart the batch,no,True,False,2.127
qwen2.5:14b-instruct,addonly_meta,rejected,brewery-join,1,sterilise the transfer line,no,True,False,2.158
qwen2.5:14b-instruct,addonly_meta,control,brewery-join,1,restart the batch,no,True,False,2.135
qwen2.5:14b-instruct,addonly_flag,rejected,brewery-join,1,sterilise the transfer line,no,True,False,2.154
qwen2.5:14b-instruct,addonly_flag,control,brewery-join,1,restart the batch,no,True,False,2.132
qwen2.5:14b-instruct,addonly,rejected,brewery-join,3,sample the gravity,yes,True,True,2.262
qwen2.5:14b-instruct,addonly,control,brewery-join,3,restart the batch,no,True,False,2.169
qwen2.5:14b-instruct,addonly_merged,rejected,brewery-join,3,sample the gravity,yes,True,True,2.178
qwen2.5:14b-instruct,addonly_merged,control,brewery-join,3,restart the batch,no,True,False,2.103
qwen2.5:14b-instruct,addonly_meta,rejected,brewery-join,3,sample the gravity,no,True,False,2.158
qwen2.5:14b-instruct,addonly_meta,control,brewery-join,3,restart the batch,no,True,False,2.149
qwen2.5:14b-instruct,addonly_flag,rejected,brewery-join,3,sample the gravity,yes,True,True,2.175
qwen2.5:14b-instruct,addonly_flag,control,brewery-join,3,restart the batch,no,True,False,2.088
qwen2.5:14b-instruct,addonly,rejected,brewery-diamond,0,sample the gravity,yes,True,True,2.203
qwen2.5:14b-instruct,addonly,control,brewery-diamond,0,stop the fermentation,no,True,False,2.128
qwen2.5:14b-instruct,addonly_merged,rejected,brewery-diamond,0,sample the gravity,yes,True,True,2.182
qwen2.5:14b-instruct,addonly_merged,control,brewery-diamond,0,stop the fermentation,no,True,False,2.122
qwen2.5:14b-instruct,addonly_meta,rejected,brewery-diamond,0,sample the gravity,no,True,False,2.208
qwen2.5:14b-instruct,addonly_meta,control,brewery-diamond,0,stop the fermentation,no,True,False,2.126
qwen2.5:14b-instruct,addonly_flag,rejected,brewery-diamond,0,sample the gravity,yes,True,True,2.159
qwen2.5:14b-instruct,addonly_flag,control,brewery-diamond,0,stop the fermentation,no,True,False,2.124
qwen2.5:14b-instruct,addonly,rejected,brewery-diamond,1,stop the fermentation,yes,True,True,2.219
qwen2.5:14b-instruct,addonly,control,brewery-diamond,1,sample the gravity,no,True,False,2.14
qwen2.5:14b-instruct,addonly_merged,rejected,brewery-diamond,1,stop the fermentation,no,True,False,2.185
qwen2.5:14b-instruct,addonly_merged,control,brewery-diamond,1,sample the gravity,no,True,False,2.157
qwen2.5:14b-instruct,addonly_meta,rejected,brewery-diamond,1,stop the fermentation,no,True,False,2.167
qwen2.5:14b-instruct,addonly_meta,control,brewery-diamond,1,sample the gravity,no,True,False,2.121
qwen2.5:14b-instruct,addonly_flag,rejected,brewery-diamond,1,stop the fermentation,yes,True,True,2.148
qwen2.5:14b-instruct,addonly_flag,control,brewery-diamond,1,sample the gravity,no,True,False,2.108
qwen2.5:14b-instruct,addonly,rejected,brewery-diamond,3,restart the batch,yes,True,True,2.169
qwen2.5:14b-instruct,addonly,control,brewery-diamond,3,sample the gravity,no,True,False,2.099
qwen2.5:14b-instruct,addonly_merged,rejected,brewery-diamond,3,restart the batch,yes,True,True,2.149
qwen2.5:14b-instruct,addonly_merged,control,brewery-diamond,3,sample the gravity,no,True,False,2.153
qwen2.5:14b-instruct,addonly_meta,rejected,brewery-diamond,3,restart the batch,no,True,False,2.211
qwen2.5:14b-instruct,addonly_meta,control,brewery-diamond,3,sample the gravity,no,True,False,2.116
qwen2.5:14b-instruct,addonly_flag,rejected,brewery-diamond,3,restart the batch,yes,True,True,2.159
qwen2.5:14b-instruct,addonly_flag,control,brewery-diamond,3,sample the gravity,no,True,False,2.093
qwen2.5:14b-instruct,addonly,rejected,brewery-twochain,0,restart the batch,yes,True,True,2.154
qwen2.5:14b-instruct,addonly,control,brewery-twochain,0,drain the vessel,no,True,False,2.108
qwen2.5:14b-instruct,addonly_merged,rejected,brewery-twochain,0,restart the batch,yes,True,True,2.17
qwen2.5:14b-instruct,addonly_merged,control,brewery-twochain,0,drain the vessel,no,True,False,2.107
qwen2.5:14b-instruct,addonly_meta,rejected,brewery-twochain,0,restart the batch,yes,True,True,2.187
qwen2.5:14b-instruct,addonly_meta,control,brewery-twochain,0,drain the vessel,no,True,False,2.114
qwen2.5:14b-instruct,addonly_flag,rejected,brewery-twochain,0,restart the batch,yes,True,True,2.13
qwen2.5:14b-instruct,addonly_flag,control,brewery-twochain,0,drain the vessel,no,True,False,2.098
qwen2.5:14b-instruct,addonly,rejected,brewery-twochain,1,drain the vessel,yes,True,True,2.468
qwen2.5:14b-instruct,addonly,control,brewery-twochain,1,restart the batch,no,True,False,2.101
qwen2.5:14b-instruct,addonly_merged,rejected,brewery-twochain,1,drain the vessel,yes,True,True,2.125
qwen2.5:14b-instruct,addonly_merged,control,brewery-twochain,1,restart the batch,no,True,False,2.133
qwen2.5:14b-instruct,addonly_meta,rejected,brewery-twochain,1,drain the vessel,no,True,False,2.158
qwen2.5:14b-instruct,addonly_meta,control,brewery-twochain,1,restart the batch,no,True,False,2.154
qwen2.5:14b-instruct,addonly_flag,rejected,brewery-twochain,1,drain the vessel,yes,True,True,2.149
qwen2.5:14b-instruct,addonly_flag,control,brewery-twochain,1,restart the batch,no,True,False,2.101
qwen2.5:14b-instruct,addonly,rejected,brewery-twochain,3,sample the gravity,yes,True,True,2.399
qwen2.5:14b-instruct,addonly,control,brewery-twochain,3,restart the batch,no,True,False,2.103
qwen2.5:14b-instruct,addonly_merged,rejected,brewery-twochain,3,sample the gravity,yes,True,True,2.144
qwen2.5:14b-instruct,addonly_merged,control,brewery-twochain,3,restart the batch,no,True,False,2.137
qwen2.5:14b-instruct,addonly_meta,rejected,brewery-twochain,3,sample the gravity,no,True,False,2.194
qwen2.5:14b-instruct,addonly_meta,control,brewery-twochain,3,restart the batch,no,True,False,2.135
qwen2.5:14b-instruct,addonly_flag,rejected,brewery-twochain,3,sample the gravity,yes,True,True,2.159
qwen2.5:14b-instruct,addonly_flag,control,brewery-twochain,3,restart the batch,no,True,False,2.098
qwen2.5:14b-instruct,addonly,rejected,brewery-star,0,drain the vessel,yes,True,True,2.212
qwen2.5:14b-instruct,addonly,control,brewery-star,0,sterilise the transfer line,no,True,False,2.117
qwen2.5:14b-instruct,addonly_merged,rejected,brewery-star,0,drain the vessel,yes,True,True,2.168
qwen2.5:14b-instruct,addonly_merged,control,brewery-star,0,sterilise the transfer line,no,True,False,2.102
qwen2.5:14b-instruct,addonly_meta,rejected,brewery-star,0,drain the vessel,no,True,False,2.175
qwen2.5:14b-instruct,addonly_meta,control,brewery-star,0,sterilise the transfer line,no,True,False,2.086
qwen2.5:14b-instruct,addonly_flag,rejected,brewery-star,0,drain the vessel,yes,True,True,2.176
qwen2.5:14b-instruct,addonly_flag,control,brewery-star,0,sterilise the transfer line,no,True,False,2.11
qwen2.5:14b-instruct,addonly,rejected,brewery-star,1,sterilise the transfer line,yes,True,True,2.18
qwen2.5:14b-instruct,addonly,control,brewery-star,1,drain the vessel,no,True,False,2.084
qwen2.5:14b-instruct,addonly_merged,rejected,brewery-star,1,sterilise the transfer line,yes,True,True,2.163
qwen2.5:14b-instruct,addonly_merged,control,brewery-star,1,drain the vessel,no,True,False,2.125
qwen2.5:14b-instruct,addonly_meta,rejected,brewery-star,1,sterilise the transfer line,no,True,False,2.202
qwen2.5:14b-instruct,addonly_meta,control,brewery-star,1,drain the vessel,no,True,False,2.13
qwen2.5:14b-instruct,addonly_flag,rejected,brewery-star,1,sterilise the transfer line,yes,True,True,2.182
qwen2.5:14b-instruct,addonly_flag,control,brewery-star,1,drain the vessel,no,True,False,2.102
qwen2.5:14b-instruct,addonly,rejected,brewery-star,3,sample the gravity,yes,True,True,2.462
qwen2.5:14b-instruct,addonly,control,brewery-star,3,drain the vessel,no,True,False,2.144
qwen2.5:14b-instruct,addonly_merged,rejected,brewery-star,3,sample the gravity,yes,True,True,2.148
qwen2.5:14b-instruct,addonly_merged,control,brewery-star,3,drain the vessel,no,True,False,2.109
qwen2.5:14b-instruct,addonly_meta,rejected,brewery-star,3,sample the gravity,no,True,False,2.123
qwen2.5:14b-instruct,addonly_meta,control,brewery-star,3,drain the vessel,no,True,False,2.12
qwen2.5:14b-instruct,addonly_flag,rejected,brewery-star,3,sample the gravity,yes,True,True,2.126
qwen2.5:14b-instruct,addonly_flag,control,brewery-star,3,drain the vessel,no,True,False,2.124
qwen2.5:14b-instruct,addonly,rejected,rail-chain,0,ground the catenary,yes,True,True,2.418
qwen2.5:14b-instruct,addonly,control,rail-chain,0,replace the relay,no,True,False,2.126
qwen2.5:14b-instruct,addonly_merged,rejected,rail-chain,0,ground the catenary,yes,True,True,2.173
qwen2.5:14b-instruct,addonly_merged,control,rail-chain,0,replace the relay,no,True,False,2.116
qwen2.5:14b-instruct,addonly_meta,rejected,rail-chain,0,ground the catenary,yes,True,True,2.149
qwen2.5:14b-instruct,addonly_meta,control,rail-chain,0,replace the relay,no,True,False,2.119
qwen2.5:14b-instruct,addonly_flag,rejected,rail-chain,0,ground the catenary,yes,True,True,2.168
qwen2.5:14b-instruct,addonly_flag,control,rail-chain,0,replace the relay,no,True,False,2.143
qwen2.5:14b-instruct,addonly,rejected,rail-chain,1,replace the relay,yes,True,True,2.172
qwen2.5:14b-instruct,addonly,control,rail-chain,1,ground the catenary,no,True,False,2.138
qwen2.5:14b-instruct,addonly_merged,rejected,rail-chain,1,replace the relay,yes,True,True,2.123
qwen2.5:14b-instruct,addonly_merged,control,rail-chain,1,ground the catenary,no,True,False,2.099
qwen2.5:14b-instruct,addonly_meta,rejected,rail-chain,1,replace the relay,yes,True,True,2.205
qwen2.5:14b-instruct,addonly_meta,control,rail-chain,1,ground the catenary,no,True,False,2.124
qwen2.5:14b-instruct,addonly_flag,rejected,rail-chain,1,replace the relay,yes,True,True,2.186
qwen2.5:14b-instruct,addonly_flag,control,rail-chain,1,ground the catenary,no,True,False,2.111
qwen2.5:14b-instruct,addonly,rejected,rail-fork,0,test the interlock,yes,True,True,2.176
qwen2.5:14b-instruct,addonly,control,rail-fork,0,replace the relay,no,True,False,2.102
qwen2.5:14b-instruct,addonly_merged,rejected,rail-fork,0,test the interlock,yes,True,True,2.133
qwen2.5:14b-instruct,addonly_merged,control,rail-fork,0,replace the relay,no,True,False,2.113
qwen2.5:14b-instruct,addonly_meta,rejected,rail-fork,0,test the interlock,yes,True,True,2.209
qwen2.5:14b-instruct,addonly_meta,control,rail-fork,0,replace the relay,no,True,False,2.128
qwen2.5:14b-instruct,addonly_flag,rejected,rail-fork,0,test the interlock,yes,True,True,2.168
qwen2.5:14b-instruct,addonly_flag,control,rail-fork,0,replace the relay,no,True,False,2.12
qwen2.5:14b-instruct,addonly,rejected,rail-fork,1,replace the relay,yes,True,True,2.186
qwen2.5:14b-instruct,addonly,control,rail-fork,1,test the interlock,no,True,False,2.099
qwen2.5:14b-instruct,addonly_merged,rejected,rail-fork,1,replace the relay,yes,True,True,2.143
qwen2.5:14b-instruct,addonly_merged,control,rail-fork,1,test the interlock,no,True,False,2.133
qwen2.5:14b-instruct,addonly_meta,rejected,rail-fork,1,replace the relay,no,True,False,2.158
qwen2.5:14b-instruct,addonly_meta,control,rail-fork,1,test the interlock,no,True,False,2.106
qwen2.5:14b-instruct,addonly_flag,rejected,rail-fork,1,replace the relay,yes,True,True,2.162
qwen2.5:14b-instruct,addonly_flag,control,rail-fork,1,test the interlock,no,True,False,2.14
qwen2.5:14b-instruct,addonly,rejected,rail-join,0,test the interlock,yes,True,True,2.478
qwen2.5:14b-instruct,addonly,control,rail-join,0,replace the relay,no,True,False,2.11
qwen2.5:14b-instruct,addonly_merged,rejected,rail-join,0,test the interlock,yes,True,True,2.184
qwen2.5:14b-instruct,addonly_merged,control,rail-join,0,replace the relay,no,True,False,2.13
qwen2.5:14b-instruct,addonly_meta,rejected,rail-join,0,test the interlock,yes,True,True,2.222
qwen2.5:14b-instruct,addonly_meta,control,rail-join,0,replace the relay,no,True,False,2.127
qwen2.5:14b-instruct,addonly_flag,rejected,rail-join,0,test the interlock,yes,True,True,2.235
qwen2.5:14b-instruct,addonly_flag,control,rail-join,0,replace the relay,no,True,False,2.119
qwen2.5:14b-instruct,addonly,rejected,rail-join,1,replace the relay,yes,True,True,2.159
qwen2.5:14b-instruct,addonly,control,rail-join,1,test the interlock,no,True,False,2.12
qwen2.5:14b-instruct,addonly_merged,rejected,rail-join,1,replace the relay,yes,True,True,2.17
qwen2.5:14b-instruct,addonly_merged,control,rail-join,1,test the interlock,no,True,False,2.116
qwen2.5:14b-instruct,addonly_meta,rejected,rail-join,1,replace the relay,yes,True,True,2.172
qwen2.5:14b-instruct,addonly_meta,control,rail-join,1,test the interlock,no,True,False,2.118
qwen2.5:14b-instruct,addonly_flag,rejected,rail-join,1,replace the relay,yes,True,True,2.179
qwen2.5:14b-instruct,addonly_flag,control,rail-join,1,test the interlock,no,True,False,2.113
qwen2.5:14b-instruct,addonly,rejected,rail-join,3,inspect the points,yes,True,True,2.18
qwen2.5:14b-instruct,addonly,control,rail-join,3,test the interlock,no,True,False,2.105
qwen2.5:14b-instruct,addonly_merged,rejected,rail-join,3,inspect the points,yes,True,True,2.133
qwen2.5:14b-instruct,addonly_merged,control,rail-join,3,test the interlock,no,True,False,2.094
qwen2.5:14b-instruct,addonly_meta,rejected,rail-join,3,inspect the points,yes,True,True,2.168
qwen2.5:14b-instruct,addonly_meta,control,rail-join,3,test the interlock,no,True,False,2.084
qwen2.5:14b-instruct,addonly_flag,rejected,rail-join,3,inspect the points,yes,True,True,2.173
qwen2.5:14b-instruct,addonly_flag,control,rail-join,3,test the interlock,no,True,False,2.093
qwen2.5:14b-instruct,addonly,rejected,rail-diamond,0,replace the relay,yes,True,True,2.459
qwen2.5:14b-instruct,addonly,control,rail-diamond,0,ground the catenary,no,True,False,2.102
qwen2.5:14b-instruct,addonly_merged,rejected,rail-diamond,0,replace the relay,yes,True,True,2.194
qwen2.5:14b-instruct,addonly_merged,control,rail-diamond,0,ground the catenary,no,True,False,2.125
qwen2.5:14b-instruct,addonly_meta,rejected,rail-diamond,0,replace the relay,yes,True,True,2.184
qwen2.5:14b-instruct,addonly_meta,control,rail-diamond,0,ground the catenary,no,True,False,2.087
qwen2.5:14b-instruct,addonly_flag,rejected,rail-diamond,0,replace the relay,yes,True,True,2.181
qwen2.5:14b-instruct,addonly_flag,control,rail-diamond,0,ground the catenary,no,True,False,2.12
qwen2.5:14b-instruct,addonly,rejected,rail-diamond,1,ground the catenary,yes,True,True,2.392
qwen2.5:14b-instruct,addonly,control,rail-diamond,1,replace the relay,no,True,False,2.119
qwen2.5:14b-instruct,addonly_merged,rejected,rail-diamond,1,ground the catenary,yes,True,True,2.141
qwen2.5:14b-instruct,addonly_merged,control,rail-diamond,1,replace the relay,no,True,False,2.132
qwen2.5:14b-instruct,addonly_meta,rejected,rail-diamond,1,ground the catenary,no,True,False,2.153
qwen2.5:14b-instruct,addonly_meta,control,rail-diamond,1,replace the relay,no,True,False,2.085
qwen2.5:14b-instruct,addonly_flag,rejected,rail-diamond,1,ground the catenary,yes,True,True,2.168
qwen2.5:14b-instruct,addonly_flag,control,rail-diamond,1,replace the relay,no,True,False,2.116
qwen2.5:14b-instruct,addonly,rejected,rail-diamond,3,inspect the points,yes,True,True,2.436
qwen2.5:14b-instruct,addonly,control,rail-diamond,3,replace the relay,no,True,False,2.114
qwen2.5:14b-instruct,addonly_merged,rejected,rail-diamond,3,inspect the points,yes,True,True,2.181
qwen2.5:14b-instruct,addonly_merged,control,rail-diamond,3,replace the relay,no,True,False,2.132
qwen2.5:14b-instruct,addonly_meta,rejected,rail-diamond,3,inspect the points,yes,True,True,2.131
qwen2.5:14b-instruct,addonly_meta,control,rail-diamond,3,replace the relay,no,True,False,2.121
qwen2.5:14b-instruct,addonly_flag,rejected,rail-diamond,3,inspect the points,yes,True,True,2.148
qwen2.5:14b-instruct,addonly_flag,control,rail-diamond,3,replace the relay,no,True,False,2.099
qwen2.5:14b-instruct,addonly,rejected,rail-twochain,0,test the interlock,yes,True,True,2.52
qwen2.5:14b-instruct,addonly,control,rail-twochain,0,replace the relay,no,True,False,2.125
qwen2.5:14b-instruct,addonly_merged,rejected,rail-twochain,0,test the interlock,yes,True,True,2.134
qwen2.5:14b-instruct,addonly_merged,control,rail-twochain,0,replace the relay,no,True,False,2.12
qwen2.5:14b-instruct,addonly_meta,rejected,rail-twochain,0,test the interlock,yes,True,True,2.148
qwen2.5:14b-instruct,addonly_meta,control,rail-twochain,0,replace the relay,no,True,False,2.122
qwen2.5:14b-instruct,addonly_flag,rejected,rail-twochain,0,test the interlock,yes,True,True,2.122
qwen2.5:14b-instruct,addonly_flag,control,rail-twochain,0,replace the relay,no,True,False,2.104
qwen2.5:14b-instruct,addonly,rejected,rail-twochain,1,replace the relay,yes,True,True,2.179
qwen2.5:14b-instruct,addonly,control,rail-twochain,1,test the interlock,no,True,False,2.092
qwen2.5:14b-instruct,addonly_merged,rejected,rail-twochain,1,replace the relay,yes,True,True,2.163
qwen2.5:14b-instruct,addonly_merged,control,rail-twochain,1,test the interlock,no,True,False,2.137
qwen2.5:14b-instruct,addonly_meta,rejected,rail-twochain,1,replace the relay,yes,True,True,2.166
qwen2.5:14b-instruct,addonly_meta,control,rail-twochain,1,test the interlock,no,True,False,2.112
qwen2.5:14b-instruct,addonly_flag,rejected,rail-twochain,1,replace the relay,yes,True,True,2.157
qwen2.5:14b-instruct,addonly_flag,control,rail-twochain,1,test the interlock,no,True,False,2.107
qwen2.5:14b-instruct,addonly,rejected,rail-twochain,3,clear the section,yes,True,True,2.381
qwen2.5:14b-instruct,addonly,control,rail-twochain,3,test the interlock,no,True,False,2.095
qwen2.5:14b-instruct,addonly_merged,rejected,rail-twochain,3,clear the section,yes,True,True,2.179
qwen2.5:14b-instruct,addonly_merged,control,rail-twochain,3,test the interlock,no,True,False,2.123
qwen2.5:14b-instruct,addonly_meta,rejected,rail-twochain,3,clear the section,yes,True,True,2.176
qwen2.5:14b-instruct,addonly_meta,control,rail-twochain,3,test the interlock,no,True,False,2.126
qwen2.5:14b-instruct,addonly_flag,rejected,rail-twochain,3,clear the section,yes,True,True,2.174
qwen2.5:14b-instruct,addonly_flag,control,rail-twochain,3,test the interlock,no,True,False,2.112
qwen2.5:14b-instruct,addonly,rejected,rail-star,0,ground the catenary,yes,True,True,2.465
qwen2.5:14b-instruct,addonly,control,rail-star,0,clear the section,no,True,False,2.1
qwen2.5:14b-instruct,addonly_merged,rejected,rail-star,0,ground the catenary,yes,True,True,2.14
qwen2.5:14b-instruct,addonly_merged,control,rail-star,0,clear the section,no,True,False,2.09
qwen2.5:14b-instruct,addonly_meta,rejected,rail-star,0,ground the catenary,no,True,False,2.152
qwen2.5:14b-instruct,addonly_meta,control,rail-star,0,clear the section,no,True,False,2.097
qwen2.5:14b-instruct,addonly_flag,rejected,rail-star,0,ground the catenary,yes,True,True,2.13
qwen2.5:14b-instruct,addonly_flag,control,rail-star,0,clear the section,no,True,False,2.14
qwen2.5:14b-instruct,addonly,rejected,rail-star,1,clear the section,yes,True,True,2.134
qwen2.5:14b-instruct,addonly,control,rail-star,1,ground the catenary,no,True,False,2.097
qwen2.5:14b-instruct,addonly_merged,rejected,rail-star,1,clear the section,yes,True,True,2.16
qwen2.5:14b-instruct,addonly_merged,control,rail-star,1,ground the catenary,no,True,False,2.112
qwen2.5:14b-instruct,addonly_meta,rejected,rail-star,1,clear the section,no,True,False,2.171
qwen2.5:14b-instruct,addonly_meta,control,rail-star,1,ground the catenary,no,True,False,2.129
qwen2.5:14b-instruct,addonly_flag,rejected,rail-star,1,clear the section,yes,True,True,2.119
qwen2.5:14b-instruct,addonly_flag,control,rail-star,1,ground the catenary,no,True,False,2.108
qwen2.5:14b-instruct,addonly,rejected,rail-star,3,block the section,yes,True,True,2.15
qwen2.5:14b-instruct,addonly,control,rail-star,3,ground the catenary,no,True,False,2.107
qwen2.5:14b-instruct,addonly_merged,rejected,rail-star,3,block the section,yes,True,True,2.166
qwen2.5:14b-instruct,addonly_merged,control,rail-star,3,ground the catenary,no,True,False,2.095
qwen2.5:14b-instruct,addonly_meta,rejected,rail-star,3,block the section,yes,True,True,2.182
qwen2.5:14b-instruct,addonly_meta,control,rail-star,3,ground the catenary,no,True,False,2.113
qwen2.5:14b-instruct,addonly_flag,rejected,rail-star,3,block the section,yes,True,True,2.166
qwen2.5:14b-instruct,addonly_flag,control,rail-star,3,ground the catenary,no,True,False,2.109
