condition,n,parse_rate,mean_recall,sd_recall,success,dai_src,dai_cor,dai_nei,dai_rate,corr_adopted,corr_rate,faithful_util_n
source_only,36,1.0,0.7559,0.141,0.0833,0,0,0,,-,,0
corruption_only,36,1.0,0.5605,0.166,0.0,0,0,0,,45/72,0.625,0
both,36,1.0,0.6556,0.1716,0.0,31,41,0,0.5694,-,,0
neither,36,1.0,0.5886,0.1703,0.0,0,0,0,,-,,0
supersession,36,1.0,0.836,0.1513,0.3056,0,0,0,,-,,0
faithful_only,36,1.0,0.6528,0.1386,0.0,0,0,0,,-,,36
source_and_faithful,36,1.0,0.7619,0.121,0.0833,0,0,0,,-,,0
both_recovery,36,1.0,0.7063,0.1572,0.0278,50,22,0,0.3056,-,,0
mixed,36,1.0,0.7411,0.1871,0.1389,34,38,0,0.5278,-,,0
