instance,domain,graph,announced,announced_kind,lifted_closure,parsed,constraint_recall,exercised,ambiguous,collateral_violations,collateral_ids
payments-chain,payments,chain,K5,before,1,True,0.6,0,1,2,K1|K3
payments-fork,payments,fork,K3,before,1,True,0.5,1,0,3,K2|K4|K5
payments-join,payments,join,K3,before,1,True,0.6667,1,0,2,K1|K5
payments-diamond,payments,diamond,K6,required,2,True,0.6667,1,0,2,K1|K3
payments-twochain,payments,twochain,K2,before,1,True,0.6667,1,0,2,K1|K3
payments-gated,payments,gated,K6,required,2,True,0.6667,0,1,2,K3|K5
robotics-chain,robotics,chain,K4,before,1,True,1.0,1,0,0,
robotics-fork,robotics,fork,K7,before,1,True,1.0,0,1,0,
robotics-join,robotics,join,K6,required,2,True,0.8,0,1,1,K3
robotics-diamond,robotics,diamond,K5,before,1,True,1.0,1,0,0,
robotics-twochain,robotics,twochain,K7,required,1,True,1.0,0,1,0,
robotics-gated,robotics,gated,K2,before,1,True,1.0,0,1,0,
pharmacy-chain,pharmacy,chain,K5,before,1,True,0.8,1,0,1,K3
pharmacy-fork,pharmacy,fork,K3,before,1,True,0.6667,1,0,2,K1|K4
pharmacy-join,pharmacy,join,K4,before,1,True,0.6667,0,1,2,K2|K5
pharmacy-diamond,pharmacy,diamond,K3,before,1,True,1.0,0,1,0,
pharmacy-twochain,pharmacy,twochain,K6,before,1,True,1.0,1,0,0,
pharmacy-gated,pharmacy,gated,K1,required,3,True,0.8,0,1,1,K3
satellite-chain,satellite,chain,K1,required,2,True,0.75,1,0,1,K4
satellite-fork,satellite,fork,K2,before,1,True,0.5,1,0,3,K1|K3|K5
satellite-join,satellite,join,K7,before,1,True,0.6667,0,1,2,K1|K3
satellite-diamond,satellite,diamond,K3,before,1,True,1.0,0,1,0,
satellite-twochain,satellite,twochain,K2,before,1,True,0.6667,1,0,2,K1|K6
satellite-gated,satellite,gated,K2,before,1,True,0.5714,1,0,3,K1|K3|K4
brewery-chain,brewery,chain,K5,before,1,True,0.8,0,1,1,K3
brewery-fork,brewery,fork,K2,before,1,True,0.3333,1,0,4,K1|K3|K4|K7
brewery-join,brewery,join,K3,before,1,True,0.8333,1,0,1,K1
brewery-diamond,brewery,diamond,K7,before,1,True,1.0,0,1,0,
brewery-twochain,brewery,twochain,K4,required,2,True,1.0,1,0,0,
brewery-gated,brewery,gated,K7,before,1,True,0.8571,1,0,1,K3
rail-chain,rail,chain,K6,required,1,True,1.0,0,1,0,
rail-fork,rail,fork,K4,before,1,True,0.8333,0,1,1,K5
rail-join,rail,join,K4,before,1,True,0.5,1,0,3,K1|K2|K3
rail-diamond,rail,diamond,K2,before,1,True,0.5714,1,0,3,K3|K5|K7
rail-twochain,rail,twochain,K2,before,1,True,0.8333,1,0,1,K6
rail-gated,rail,gated,K2,before,1,True,0.5714,0,1,3,K1|K3|K4
