instance,domain,graph,condition,parsed,constraint_recall,violations,violated,success,n_actions,unknown_actions,dai_eligible,dai_src,dai_cor,dai_nei,corr_eligible,corr_adopted,sup_eligible,sup_exercised,sup_collateral,rec_eligible,rec_ok,util_src,util_src_n,util_fai,util_fai_n,disc_applicable,disc_correct_both,disc_source_reflex,disc_latest_reflex,disc_neither,disc_resisted,disc_exercised
payments-chain,payments,chain,mixed,True,0.8333,1,K4,False,5,0,2,2,0,0,0,0,1,1,1,0,0,0.6667,3,,0,True,True,False,False,False,True,True
payments-fork,payments,fork,mixed,True,0.7143,2,K3|K4,False,5,0,2,1,1,0,0,0,1,0,1,0,0,1.0,4,,0,True,False,False,False,True,False,False
payments-join,payments,join,mixed,True,0.5714,3,K2|K3|K4,False,4,0,2,0,2,0,0,0,1,1,3,0,0,0.75,4,,0,True,False,False,True,False,False,True
payments-diamond,payments,diamond,mixed,True,0.75,2,K3|K5,False,5,0,2,1,1,0,0,0,1,0,1,0,0,1.0,5,,0,True,False,False,False,True,False,False
payments-twochain,payments,twochain,mixed,True,0.7143,2,K2|K5,False,6,0,2,0,2,0,0,0,1,1,2,0,0,1.0,4,,0,True,False,False,True,False,False,True
payments-star,payments,star,mixed,True,0.8571,1,K5,False,4,0,2,2,0,0,0,0,1,1,1,0,0,0.75,4,,0,True,True,False,False,False,True,True
robotics-chain,robotics,chain,mixed,True,0.6667,2,K4|K6,False,5,0,2,0,2,0,0,0,1,1,2,0,0,1.0,3,,0,True,False,False,True,False,False,True
robotics-fork,robotics,fork,mixed,True,0.4286,4,K1|K2|K3|K5,False,4,0,2,0,2,0,0,0,1,1,4,0,0,0.5,4,,0,True,False,False,True,False,False,True
robotics-join,robotics,join,mixed,True,0.7143,2,K3|K4,False,5,0,2,1,1,0,0,0,1,1,2,0,0,0.75,4,,0,True,False,False,True,False,False,True
robotics-diamond,robotics,diamond,mixed,True,1.0,0,,True,6,0,2,2,0,0,0,0,1,1,0,0,0,1.0,5,,0,True,True,False,False,False,True,True
robotics-twochain,robotics,twochain,mixed,True,0.8571,1,K2,False,6,0,2,2,0,0,0,0,1,1,1,0,0,0.75,4,,0,True,True,False,False,False,True,True
robotics-star,robotics,star,mixed,True,0.8571,1,K2,False,5,0,2,1,1,0,0,0,1,1,1,0,0,1.0,4,,0,True,False,False,True,False,False,True
pharmacy-chain,pharmacy,chain,mixed,True,0.1667,5,K1|K2|K3|K4|K5,False,3,0,2,0,2,0,0,0,1,0,4,0,0,0.3333,3,,0,True,False,False,False,True,False,False
pharmacy-fork,pharmacy,fork,mixed,True,0.7143,2,K2|K7,False,5,0,2,0,2,0,0,0,1,1,2,0,0,1.0,4,,0,True,False,False,True,False,False,True
pharmacy-join,pharmacy,join,mixed,True,0.7143,2,K4|K5,False,6,0,2,0,2,0,0,0,1,1,2,0,0,1.0,4,,0,True,False,False,True,False,False,True
pharmacy-diamond,pharmacy,diamond,mixed,True,0.75,2,K5|K8,False,5,0,2,1,1,0,0,0,1,0,1,0,0,1.0,5,,0,True,False,False,False,True,False,False
pharmacy-twochain,pharmacy,twochain,mixed,True,0.5714,3,K3|K5|K7,False,5,0,2,0,2,0,0,0,1,1,3,0,0,0.75,4,,0,True,False,False,True,False,False,True
pharmacy-star,pharmacy,star,mixed,True,0.8571,1,K5,False,4,0,2,1,1,0,0,0,1,1,1,0,0,1.0,4,,0,True,False,False,True,False,False,True
satellite-chain,satellite,chain,mixed,True,0.3333,4,K2|K3|K4|K5,False,5,0,2,1,1,0,0,0,1,0,3,0,0,0.3333,3,,0,True,False,False,False,True,False,False
satellite-fork,satellite,fork,mixed,True,0.7143,2,K4|K7,False,5,0,2,0,2,0,0,0,1,1,2,0,0,1.0,4,,0,True,False,False,True,False,False,True
satellite-join,satellite,join,mixed,True,0.7143,2,K5|K7,False,5,0,2,1,1,0,0,0,1,1,2,0,0,0.75,4,,0,True,False,False,True,False,False,True
satellite-diamond,satellite,diamond,mixed,True,0.625,3,K2|K3|K4,False,6,0,2,1,1,0,0,0,1,1,3,0,0,0.6,5,,0,True,False,False,True,False,False,True
satellite-twochain,satellite,twochain,mixed,True,0.5714,3,K2|K5|K6,False,6,0,2,1,1,0,0,0,1,1,3,0,0,0.5,4,,0,True,False,False,True,False,False,True
satellite-star,satellite,star,mixed,True,0.8571,1,K7,False,5,0,2,1,1,0,0,0,1,1,1,0,0,1.0,4,,0,True,False,False,True,False,False,True
brewery-chain,brewery,chain,mixed,True,0.6667,2,K2|K6,False,5,0,2,1,1,0,0,0,1,1,2,0,0,0.6667,3,,0,True,False,False,True,False,False,True
brewery-fork,brewery,fork,mixed,True,0.8571,1,K7,False,6,0,2,1,1,0,0,0,1,1,1,0,0,1.0,4,,0,True,False,False,True,False,False,True
brewery-join,brewery,join,mixed,True,1.0,0,,True,4,0,2,2,0,0,0,0,1,1,0,0,0,1.0,4,,0,True,True,False,False,False,True,True
brewery-diamond,brewery,diamond,mixed,True,0.625,3,K2|K4|K5,False,6,0,2,1,1,0,0,0,1,0,2,0,0,0.8,5,,0,True,False,False,False,True,False,False
brewery-twochain,brewery,twochain,mixed,True,0.8571,1,K5,False,5,0,2,1,1,0,0,0,1,1,1,0,0,1.0,4,,0,True,False,False,True,False,False,True
brewery-star,brewery,star,mixed,True,1.0,0,,True,5,0,2,2,0,0,0,0,1,1,0,0,0,1.0,4,,0,True,True,False,False,False,True,True
rail-chain,rail,chain,mixed,True,0.8333,1,K4,False,5,0,2,1,1,0,0,0,1,1,1,0,0,1.0,3,,0,True,False,False,True,False,False,True
rail-fork,rail,fork,mixed,True,1.0,0,,True,4,0,2,2,0,0,0,0,1,1,0,0,0,1.0,4,,0,True,True,False,False,False,True,True
rail-join,rail,join,mixed,True,0.8571,1,K5,False,4,0,2,1,1,0,0,0,1,1,1,0,0,1.0,4,,0,True,False,False,True,False,False,True
rail-diamond,rail,diamond,mixed,True,1.0,0,,True,4,0,2,2,0,0,0,0,1,1,0,0,0,1.0,5,,0,True,True,False,False,False,True,True
rail-twochain,rail,twochain,mixed,True,0.8571,1,K3,False,6,0,2,1,1,0,0,0,1,1,1,0,0,1.0,4,,0,True,False,False,True,False,False,True
rail-star,rail,star,mixed,True,0.5714,3,K2|K3|K4,False,6,0,2,0,2,0,0,0,1,1,3,0,0,0.75,4,,0,True,False,False,True,False,False,True
