model,instance,domain,graph,condition,depth,corrupt,constraint,n_messages,parsed,verdict,constraint_recall,seconds
llama3.2:3b,payments-chain,payments,chain,d1,1,True,K3,2,True,corruption,0.6667,7.17
llama3.2:3b,payments-chain,payments,chain,d2,2,True,K3,3,True,source,0.8333,2.24
llama3.2:3b,payments-chain,payments,chain,d3,3,True,K3,4,True,source,0.8333,2.38
llama3.2:3b,payments-chain,payments,chain,control,3,False,K3,4,True,source,0.8333,2.38
llama3.2:3b,payments-chain,payments,chain,d1_padded,1,True,K3,4,True,corruption,0.5,2.37
llama3.2:3b,payments-fork,payments,fork,d1,1,True,K7,2,True,corruption,0.4286,2.23
llama3.2:3b,payments-fork,payments,fork,d2,2,True,K7,3,True,corruption,0.4286,2.2
llama3.2:3b,payments-fork,payments,fork,d3,3,True,K7,4,True,source,0.5714,2.25
llama3.2:3b,payments-fork,payments,fork,control,3,False,K7,4,True,source,0.5714,2.26
llama3.2:3b,payments-fork,payments,fork,d1_padded,1,True,K7,4,True,source,0.8571,2.3
llama3.2:3b,payments-join,payments,join,d1,1,True,K4,2,True,corruption,0.5714,2.19
llama3.2:3b,payments-join,payments,join,d2,2,True,K4,3,True,source,1.0,2.23
llama3.2:3b,payments-join,payments,join,d3,3,True,K4,4,True,source,0.7143,2.33
llama3.2:3b,payments-join,payments,join,control,3,False,K4,4,True,source,0.7143,2.29
llama3.2:3b,payments-join,payments,join,d1_padded,1,True,K4,4,True,source,1.0,2.31
llama3.2:3b,payments-diamond,payments,diamond,d1,1,True,K2,2,True,corruption,0.75,2.32
llama3.2:3b,payments-diamond,payments,diamond,d2,2,True,K2,3,True,source,0.875,2.29
llama3.2:3b,payments-diamond,payments,diamond,d3,3,True,K2,4,True,source,0.75,2.39
llama3.2:3b,payments-diamond,payments,diamond,control,3,False,K2,4,True,source,0.875,2.36
llama3.2:3b,payments-diamond,payments,diamond,d1_padded,1,True,K2,4,True,corruption,0.75,2.23
llama3.2:3b,payments-twochain,payments,twochain,d1,1,True,K6,2,True,corruption,0.7143,2.26
llama3.2:3b,payments-twochain,payments,twochain,d2,2,True,K6,3,True,corruption,0.4286,2.26
llama3.2:3b,payments-twochain,payments,twochain,d3,3,True,K6,4,True,source,0.5714,2.24
llama3.2:3b,payments-twochain,payments,twochain,control,3,False,K6,4,True,source,0.5714,2.23
llama3.2:3b,payments-twochain,payments,twochain,d1_padded,1,True,K6,4,True,corruption,0.8571,2.34
llama3.2:3b,payments-star,payments,star,d1,1,True,K4,2,True,corruption,0.5714,2.3
llama3.2:3b,payments-star,payments,star,d2,2,True,K4,3,True,source,0.5714,2.25
llama3.2:3b,payments-star,payments,star,d3,3,True,K4,4,True,source,0.7143,2.29
llama3.2:3b,payments-star,payments,star,control,3,False,K4,4,True,source,0.5714,2.27
llama3.2:3b,payments-star,payments,star,d1_padded,1,True,K4,4,True,source,0.7143,2.31
llama3.2:3b,robotics-chain,robotics,chain,d1,1,True,K4,2,True,corruption,0.8333,2.34
llama3.2:3b,robotics-chain,robotics,chain,d2,2,True,K4,3,True,source,0.8333,2.28
llama3.2:3b,robotics-chain,robotics,chain,d3,3,True,K4,4,True,source,0.8333,2.29
llama3.2:3b,robotics-chain,robotics,chain,control,3,False,K4,4,True,source,0.8333,2.32
llama3.2:3b,robotics-chain,robotics,chain,d1_padded,1,True,K4,4,True,corruption,0.8333,2.27
llama3.2:3b,robotics-fork,robotics,fork,d1,1,True,K5,2,True,corruption,0.5714,2.26
llama3.2:3b,robotics-fork,robotics,fork,d2,2,True,K5,3,True,source,0.5714,2.31
llama3.2:3b,robotics-fork,robotics,fork,d3,3,True,K5,4,True,source,0.5714,2.36
llama3.2:3b,robotics-fork,robotics,fork,control,3,False,K5,4,True,source,0.5714,2.41
llama3.2:3b,robotics-fork,robotics,fork,d1_padded,1,True,K5,4,True,corruption,0.5714,2.29
llama3.2:3b,robotics-join,robotics,join,d1,1,True,K4,2,True,source,0.4286,2.22
llama3.2:3b,robotics-join,robotics,join,d2,2,True,K4,3,True,source,0.5714,2.36
llama3.2:3b,robotics-join,robotics,join,d3,3,True,K4,4,True,source,0.7143,2.3
llama3.2:3b,robotics-join,robotics,join,control,3,False,K4,4,True,source,0.7143,2.33
llama3.2:3b,robotics-join,robotics,join,d1_padded,1,True,K4,4,True,source,0.5714,2.3
llama3.2:3b,robotics-diamond,robotics,diamond,d1,1,True,K2,2,True,source,0.875,2.27
llama3.2:3b,robotics-diamond,robotics,diamond,d2,2,True,K2,3,True,source,0.875,2.37
llama3.2:3b,robotics-diamond,robotics,diamond,d3,3,True,K2,4,True,source,0.875,2.4
llama3.2:3b,robotics-diamond,robotics,diamond,control,3,False,K2,4,True,source,0.75,2.4
llama3.2:3b,robotics-diamond,robotics,diamond,d1_padded,1,True,K2,4,True,source,0.875,2.42
llama3.2:3b,robotics-twochain,robotics,twochain,d1,1,True,K2,2,True,corruption,0.2857,2.29
llama3.2:3b,robotics-twochain,robotics,twochain,d2,2,True,K2,3,True,corruption,0.2857,2.27
llama3.2:3b,robotics-twochain,robotics,twochain,d3,3,True,K2,4,True,corruption,0.4286,2.37
llama3.2:3b,robotics-twochain,robotics,twochain,control,3,False,K2,4,True,source,0.7143,2.31
llama3.2:3b,robotics-twochain,robotics,twochain,d1_padded,1,True,K2,4,True,corruption,0.2857,2.29
llama3.2:3b,robotics-star,robotics,star,d1,1,True,K2,2,True,corruption,0.5714,2.24
llama3.2:3b,robotics-star,robotics,star,d2,2,True,K2,3,True,source,0.8571,2.4
llama3.2:3b,robotics-star,robotics,star,d3,3,True,K2,4,True,source,0.7143,2.37
llama3.2:3b,robotics-star,robotics,star,control,3,False,K2,4,True,source,0.7143,2.32
llama3.2:3b,robotics-star,robotics,star,d1_padded,1,True,K2,4,True,corruption,0.5714,2.38
llama3.2:3b,pharmacy-chain,pharmacy,chain,d1,1,True,K5,2,True,corruption,0.3333,2.37
llama3.2:3b,pharmacy-chain,pharmacy,chain,d2,2,True,K5,3,True,source,0.3333,2.35
llama3.2:3b,pharmacy-chain,pharmacy,chain,d3,3,True,K5,4,True,source,0.5,2.36
llama3.2:3b,pharmacy-chain,pharmacy,chain,control,3,False,K5,4,True,source,0.3333,2.33
llama3.2:3b,pharmacy-chain,pharmacy,chain,d1_padded,1,True,K5,4,True,source,0.8333,2.33
llama3.2:3b,pharmacy-fork,pharmacy,fork,d1,1,True,K2,2,True,corruption,0.7143,2.21
llama3.2:3b,pharmacy-fork,pharmacy,fork,d2,2,True,K2,3,True,source,0.8571,2.27
llama3.2:3b,pharmacy-fork,pharmacy,fork,d3,3,True,K2,4,True,source,0.8571,2.26
llama3.2:3b,pharmacy-fork,pharmacy,fork,control,3,False,K2,4,True,source,0.8571,2.22
llama3.2:3b,pharmacy-fork,pharmacy,fork,d1_padded,1,True,K2,4,True,source,0.4286,2.24
llama3.2:3b,pharmacy-join,pharmacy,join,d1,1,True,K7,2,True,corruption,0.4286,2.27
llama3.2:3b,pharmacy-join,pharmacy,join,d2,2,True,K7,3,True,source,0.5714,2.29
llama3.2:3b,pharmacy-join,pharmacy,join,d3,3,True,K7,4,True,source,0.5714,2.3
llama3.2:3b,pharmacy-join,pharmacy,join,control,3,False,K7,4,True,source,0.5714,2.29
llama3.2:3b,pharmacy-join,pharmacy,join,d1_padded,1,True,K7,4,True,source,0.5714,2.24
llama3.2:3b,pharmacy-diamond,pharmacy,diamond,d1,1,True,K4,2,True,source,0.625,2.33
llama3.2:3b,pharmacy-diamond,pharmacy,diamond,d2,2,True,K4,3,True,source,0.75,2.35
llama3.2:3b,pharmacy-diamond,pharmacy,diamond,d3,3,True,K4,4,True,source,0.75,2.34
llama3.2:3b,pharmacy-diamond,pharmacy,diamond,control,3,False,K4,4,True,source,0.5,2.34
llama3.2:3b,pharmacy-diamond,pharmacy,diamond,d1_padded,1,True,K4,4,True,source,0.625,2.34
llama3.2:3b,pharmacy-twochain,pharmacy,twochain,d1,1,True,K6,2,True,source,0.5714,2.31
llama3.2:3b,pharmacy-twochain,pharmacy,twochain,d2,2,True,K6,3,True,source,0.4286,2.35
llama3.2:3b,pharmacy-twochain,pharmacy,twochain,d3,3,True,K6,4,True,source,0.4286,2.31
llama3.2:3b,pharmacy-twochain,pharmacy,twochain,control,3,False,K6,4,True,source,0.8571,2.38
llama3.2:3b,pharmacy-twochain,pharmacy,twochain,d1_padded,1,True,K6,4,True,source,0.5714,2.32
llama3.2:3b,pharmacy-star,pharmacy,star,d1,1,True,K5,2,True,corruption,0.5714,2.3
llama3.2:3b,pharmacy-star,pharmacy,star,d2,2,True,K5,3,True,source,0.8571,2.32
llama3.2:3b,pharmacy-star,pharmacy,star,d3,3,True,K5,4,True,source,0.8571,2.39
llama3.2:3b,pharmacy-star,pharmacy,star,control,3,False,K5,4,True,source,0.8571,2.36
llama3.2:3b,pharmacy-star,pharmacy,star,d1_padded,1,True,K5,4,True,corruption,0.4286,2.29
