model,clean,instance,domain,graph,condition,depth,corrupt,constraint,n_messages,parsed,verdict,constraint_recall,seconds
qwen2.5:14b-instruct,False,pharmacy-chain,pharmacy,chain,d1,1,True,K5,2,True,corruption,0.3333,3.25
qwen2.5:14b-instruct,False,pharmacy-chain,pharmacy,chain,d2,2,True,K5,3,True,source,0.6667,2.59
qwen2.5:14b-instruct,False,pharmacy-chain,pharmacy,chain,d3,3,True,K5,4,True,source,0.3333,2.69
qwen2.5:14b-instruct,False,pharmacy-chain,pharmacy,chain,control,3,False,K5,4,True,source,0.3333,2.64
qwen2.5:14b-instruct,False,pharmacy-chain,pharmacy,chain,d1_padded,1,True,K5,4,True,corruption,0.5,2.57
qwen2.5:14b-instruct,False,pharmacy-fork,pharmacy,fork,d1,1,True,K2,2,True,corruption,0.7143,2.65
qwen2.5:14b-instruct,False,pharmacy-fork,pharmacy,fork,d2,2,True,K2,3,True,source,0.8571,2.63
qwen2.5:14b-instruct,False,pharmacy-fork,pharmacy,fork,d3,3,True,K2,4,True,source,0.8571,2.64
qwen2.5:14b-instruct,False,pharmacy-fork,pharmacy,fork,control,3,False,K2,4,True,source,0.8571,2.58
qwen2.5:14b-instruct,False,pharmacy-fork,pharmacy,fork,d1_padded,1,True,K2,4,True,corruption,0.7143,2.63
qwen2.5:14b-instruct,False,pharmacy-join,pharmacy,join,d1,1,True,K7,2,True,corruption,0.4286,2.56
qwen2.5:14b-instruct,False,pharmacy-join,pharmacy,join,d2,2,True,K7,3,True,source,0.5714,2.56
qwen2.5:14b-instruct,False,pharmacy-join,pharmacy,join,d3,3,True,K7,4,True,source,0.5714,2.55
qwen2.5:14b-instruct,False,pharmacy-join,pharmacy,join,control,3,False,K7,4,True,source,0.5714,2.55
qwen2.5:14b-instruct,False,pharmacy-join,pharmacy,join,d1_padded,1,True,K7,4,True,corruption,0.4286,2.57
qwen2.5:14b-instruct,False,pharmacy-diamond,pharmacy,diamond,d1,1,True,K4,2,True,corruption,0.5,2.61
qwen2.5:14b-instruct,False,pharmacy-diamond,pharmacy,diamond,d2,2,True,K4,3,True,source,0.625,2.65
qwen2.5:14b-instruct,False,pharmacy-diamond,pharmacy,diamond,d3,3,True,K4,4,True,source,0.625,2.62
qwen2.5:14b-instruct,False,pharmacy-diamond,pharmacy,diamond,control,3,False,K4,4,True,source,0.625,2.63
qwen2.5:14b-instruct,False,pharmacy-diamond,pharmacy,diamond,d1_padded,1,True,K4,4,True,corruption,0.5,2.66
qwen2.5:14b-instruct,False,pharmacy-twochain,pharmacy,twochain,d1,1,True,K6,2,True,source,0.5714,2.64
qwen2.5:14b-instruct,False,pharmacy-twochain,pharmacy,twochain,d2,2,True,K6,3,True,source,0.5714,2.56
qwen2.5:14b-instruct,False,pharmacy-twochain,pharmacy,twochain,d3,3,True,K6,4,True,source,0.5714,2.58
qwen2.5:14b-instruct,False,pharmacy-twochain,pharmacy,twochain,control,3,False,K6,4,True,source,0.5714,2.62
qwen2.5:14b-instruct,False,pharmacy-twochain,pharmacy,twochain,d1_padded,1,True,K6,4,True,source,0.5714,2.63
qwen2.5:14b-instruct,False,pharmacy-star,pharmacy,star,d1,1,True,K5,2,True,corruption,0.5714,2.47
qwen2.5:14b-instruct,False,pharmacy-star,pharmacy,star,d2,2,True,K5,3,True,source,0.8571,2.72
qwen2.5:14b-instruct,False,pharmacy-star,pharmacy,star,d3,3,True,K5,4,True,source,0.7143,2.52
qwen2.5:14b-instruct,False,pharmacy-star,pharmacy,star,control,3,False,K5,4,True,source,0.7143,2.48
qwen2.5:14b-instruct,False,pharmacy-star,pharmacy,star,d1_padded,1,True,K5,4,True,corruption,0.5714,2.52
qwen2.5:14b-instruct,False,satellite-chain,satellite,chain,d1,1,True,K2,2,True,corruption,0.6667,2.84
qwen2.5:14b-instruct,False,satellite-chain,satellite,chain,d2,2,True,K2,3,True,source,0.8333,2.56
qwen2.5:14b-instruct,False,satellite-chain,satellite,chain,d3,3,True,K2,4,True,source,0.8333,2.56
qwen2.5:14b-instruct,False,satellite-chain,satellite,chain,control,3,False,K2,4,True,source,0.8333,2.59
qwen2.5:14b-instruct,False,satellite-chain,satellite,chain,d1_padded,1,True,K2,4,True,source,0.8333,2.92
qwen2.5:14b-instruct,False,satellite-fork,satellite,fork,d1,1,True,K3,2,True,corruption,0.7143,2.61
qwen2.5:14b-instruct,False,satellite-fork,satellite,fork,d2,2,True,K3,3,True,source,0.8571,2.64
qwen2.5:14b-instruct,False,satellite-fork,satellite,fork,d3,3,True,K3,4,True,source,0.8571,2.62
qwen2.5:14b-instruct,False,satellite-fork,satellite,fork,control,3,False,K3,4,True,source,0.8571,2.67
qwen2.5:14b-instruct,False,satellite-fork,satellite,fork,d1_padded,1,True,K3,4,True,corruption,0.7143,2.67
qwen2.5:14b-instruct,False,satellite-join,satellite,join,d1,1,True,K4,2,True,source,0.7143,2.59
qwen2.5:14b-instruct,False,satellite-join,satellite,join,d2,2,True,K4,3,True,source,0.7143,2.58
qwen2.5:14b-instruct,False,satellite-join,satellite,join,d3,3,True,K4,4,True,source,0.7143,2.6
qwen2.5:14b-instruct,False,satellite-join,satellite,join,control,3,False,K4,4,True,source,0.7143,2.56
qwen2.5:14b-instruct,False,satellite-join,satellite,join,d1_padded,1,True,K4,4,True,corruption,0.5714,2.74
qwen2.5:14b-instruct,False,satellite-diamond,satellite,diamond,d1,1,True,K3,2,True,corruption,0.5,2.57
qwen2.5:14b-instruct,False,satellite-diamond,satellite,diamond,d2,2,True,K3,3,True,corruption,0.5,2.6
qwen2.5:14b-instruct,False,satellite-diamond,satellite,diamond,d3,3,True,K3,4,True,corruption,0.5,2.59
qwen2.5:14b-instruct,False,satellite-diamond,satellite,diamond,control,3,False,K3,4,True,source,0.625,2.64
qwen2.5:14b-instruct,False,satellite-diamond,satellite,diamond,d1_padded,1,True,K3,4,True,corruption,0.5,2.63
qwen2.5:14b-instruct,False,satellite-twochain,satellite,twochain,d1,1,True,K6,2,True,source,0.2857,2.75
qwen2.5:14b-instruct,False,satellite-twochain,satellite,twochain,d2,2,True,K6,3,True,source,0.5714,2.61
qwen2.5:14b-instruct,False,satellite-twochain,satellite,twochain,d3,3,True,K6,4,True,source,0.5714,2.57
qwen2.5:14b-instruct,False,satellite-twochain,satellite,twochain,control,3,False,K6,4,True,source,0.5714,2.61
qwen2.5:14b-instruct,False,satellite-twochain,satellite,twochain,d1_padded,1,True,K6,4,True,corruption,0.1429,2.73
qwen2.5:14b-instruct,False,satellite-star,satellite,star,d1,1,True,K4,2,True,source,0.5714,2.76
qwen2.5:14b-instruct,False,satellite-star,satellite,star,d2,2,True,K4,3,True,source,0.5714,2.63
qwen2.5:14b-instruct,False,satellite-star,satellite,star,d3,3,True,K4,4,True,source,0.5714,2.62
qwen2.5:14b-instruct,False,satellite-star,satellite,star,control,3,False,K4,4,True,source,0.5714,2.63
qwen2.5:14b-instruct,False,satellite-star,satellite,star,d1_padded,1,True,K4,4,True,corruption,0.4286,2.68
