model,instance,domain,arm,corroborated,self_reversal,n_messages,contradictor,spoke_before,parsed,verdict,seconds
llama3.2:3b,satellite-chain,satellite,d1_fresh,False,False,2,Duty Manager,False,True,corruption,2.7
llama3.2:3b,satellite-chain,satellite,d1_self,False,True,2,Operations Lead,True,True,corruption,2.95
llama3.2:3b,satellite-chain,satellite,d3_fresh,True,False,4,Duty Manager,False,True,source,2.4
llama3.2:3b,satellite-chain,satellite,d3_self,True,True,4,Network Engineer,True,True,source,2.44
llama3.2:3b,satellite-chain,satellite,d1pad_fresh,False,False,4,Duty Manager,False,True,corruption,2.33
llama3.2:3b,satellite-fork,satellite,d1_fresh,False,False,2,Duty Manager,False,True,corruption,2.49
llama3.2:3b,satellite-fork,satellite,d1_self,False,True,2,Operations Lead,True,True,corruption,2.47
llama3.2:3b,satellite-fork,satellite,d3_fresh,True,False,4,Duty Manager,False,True,corruption,2.52
llama3.2:3b,satellite-fork,satellite,d3_self,True,True,4,Network Engineer,True,True,source,2.39
llama3.2:3b,satellite-fork,satellite,d1pad_fresh,False,False,4,Duty Manager,False,True,corruption,2.39
llama3.2:3b,satellite-join,satellite,d1_fresh,False,False,2,Duty Manager,False,True,corruption,2.34
llama3.2:3b,satellite-join,satellite,d1_self,False,True,2,Operations Lead,True,True,corruption,2.32
llama3.2:3b,satellite-join,satellite,d3_fresh,True,False,4,Duty Manager,False,True,source,2.46
llama3.2:3b,satellite-join,satellite,d3_self,True,True,4,Network Engineer,True,True,source,3.56
llama3.2:3b,satellite-join,satellite,d1pad_fresh,False,False,4,Duty Manager,False,True,source,2.3
llama3.2:3b,satellite-diamond,satellite,d1_fresh,False,False,2,Duty Manager,False,True,corruption,2.32
llama3.2:3b,satellite-diamond,satellite,d1_self,False,True,2,Operations Lead,True,True,corruption,2.33
llama3.2:3b,satellite-diamond,satellite,d3_fresh,True,False,4,Duty Manager,False,True,corruption,2.39
llama3.2:3b,satellite-diamond,satellite,d3_self,True,True,4,Network Engineer,True,True,corruption,2.47
llama3.2:3b,satellite-diamond,satellite,d1pad_fresh,False,False,4,Duty Manager,False,True,corruption,2.27
llama3.2:3b,satellite-twochain,satellite,d1_fresh,False,False,2,Duty Manager,False,True,corruption,2.36
llama3.2:3b,satellite-twochain,satellite,d1_self,False,True,2,Operations Lead,True,True,corruption,2.34
llama3.2:3b,satellite-twochain,satellite,d3_fresh,True,False,4,Duty Manager,False,True,source,2.48
llama3.2:3b,satellite-twochain,satellite,d3_self,True,True,4,Network Engineer,True,True,source,2.41
llama3.2:3b,satellite-twochain,satellite,d1pad_fresh,False,False,4,Duty Manager,False,True,source,2.29
llama3.2:3b,satellite-star,satellite,d1_fresh,False,False,2,Duty Manager,False,True,corruption,2.36
llama3.2:3b,satellite-star,satellite,d1_self,False,True,2,Operations Lead,True,True,source,2.41
llama3.2:3b,satellite-star,satellite,d3_fresh,True,False,4,Duty Manager,False,True,source,2.43
llama3.2:3b,satellite-star,satellite,d3_self,True,True,4,Network Engineer,True,True,source,2.48
llama3.2:3b,satellite-star,satellite,d1pad_fresh,False,False,4,Duty Manager,False,True,source,2.35
llama3.2:3b,brewery-chain,brewery,d1_fresh,False,False,2,Duty Manager,False,True,corruption,2.54
llama3.2:3b,brewery-chain,brewery,d1_self,False,True,2,Operations Lead,True,True,corruption,2.46
llama3.2:3b,brewery-chain,brewery,d3_fresh,True,False,4,Duty Manager,False,True,source,2.54
llama3.2:3b,brewery-chain,brewery,d3_self,True,True,4,Network Engineer,True,True,source,2.45
llama3.2:3b,brewery-chain,brewery,d1pad_fresh,False,False,4,Duty Manager,False,True,corruption,2.35
llama3.2:3b,brewery-fork,brewery,d1_fresh,False,False,2,Duty Manager,False,True,corruption,2.41
llama3.2:3b,brewery-fork,brewery,d1_self,False,True,2,Operations Lead,True,True,corruption,2.38
llama3.2:3b,brewery-fork,brewery,d3_fresh,True,False,4,Duty Manager,False,True,source,2.49
llama3.2:3b,brewery-fork,brewery,d3_self,True,True,4,Network Engineer,True,True,source,2.52
llama3.2:3b,brewery-fork,brewery,d1pad_fresh,False,False,4,Duty Manager,False,True,corruption,2.31
llama3.2:3b,brewery-join,brewery,d1_fresh,False,False,2,Duty Manager,False,True,corruption,2.54
llama3.2:3b,brewery-join,brewery,d1_self,False,True,2,Operations Lead,True,True,corruption,2.55
llama3.2:3b,brewery-join,brewery,d3_fresh,True,False,4,Duty Manager,False,True,source,2.6
llama3.2:3b,brewery-join,brewery,d3_self,True,True,4,Network Engineer,True,True,source,2.66
llama3.2:3b,brewery-join,brewery,d1pad_fresh,False,False,4,Duty Manager,False,True,source,2.37
llama3.2:3b,brewery-diamond,brewery,d1_fresh,False,False,2,Duty Manager,False,True,corruption,2.48
llama3.2:3b,brewery-diamond,brewery,d1_self,False,True,2,Operations Lead,True,True,corruption,2.49
llama3.2:3b,brewery-diamond,brewery,d3_fresh,True,False,4,Duty Manager,False,True,source,2.7
llama3.2:3b,brewery-diamond,brewery,d3_self,True,True,4,Network Engineer,True,True,source,2.84
llama3.2:3b,brewery-diamond,brewery,d1pad_fresh,False,False,4,Duty Manager,False,True,corruption,2.39
llama3.2:3b,brewery-twochain,brewery,d1_fresh,False,False,2,Duty Manager,False,True,corruption,2.94
llama3.2:3b,brewery-twochain,brewery,d1_self,False,True,2,Operations Lead,True,True,corruption,2.61
llama3.2:3b,brewery-twochain,brewery,d3_fresh,True,False,4,Duty Manager,False,True,source,2.38
llama3.2:3b,brewery-twochain,brewery,d3_self,True,True,4,Network Engineer,True,True,source,2.4
llama3.2:3b,brewery-twochain,brewery,d1pad_fresh,False,False,4,Duty Manager,False,True,corruption,2.3
llama3.2:3b,brewery-star,brewery,d1_fresh,False,False,2,Duty Manager,False,True,corruption,2.38
llama3.2:3b,brewery-star,brewery,d1_self,False,True,2,Operations Lead,True,True,corruption,2.39
llama3.2:3b,brewery-star,brewery,d3_fresh,True,False,4,Duty Manager,False,True,corruption,2.5
llama3.2:3b,brewery-star,brewery,d3_self,True,True,4,Network Engineer,True,True,corruption,2.55
llama3.2:3b,brewery-star,brewery,d1pad_fresh,False,False,4,Duty Manager,False,True,source,2.31
llama3.2:3b,rail-chain,rail,d1_fresh,False,False,2,Duty Manager,False,True,corruption,2.87
llama3.2:3b,rail-chain,rail,d1_self,False,True,2,Operations Lead,True,True,source,2.48
llama3.2:3b,rail-chain,rail,d3_fresh,True,False,4,Duty Manager,False,True,source,2.4
llama3.2:3b,rail-chain,rail,d3_self,True,True,4,Network Engineer,True,True,source,2.4
llama3.2:3b,rail-chain,rail,d1pad_fresh,False,False,4,Duty Manager,False,True,source,2.39
llama3.2:3b,rail-fork,rail,d1_fresh,False,False,2,Duty Manager,False,True,corruption,2.45
llama3.2:3b,rail-fork,rail,d1_self,False,True,2,Operations Lead,True,True,corruption,2.43
llama3.2:3b,rail-fork,rail,d3_fresh,True,False,4,Duty Manager,False,True,corruption,2.41
llama3.2:3b,rail-fork,rail,d3_self,True,True,4,Network Engineer,True,True,corruption,2.48
llama3.2:3b,rail-fork,rail,d1pad_fresh,False,False,4,Duty Manager,False,True,corruption,2.31
llama3.2:3b,rail-join,rail,d1_fresh,False,False,2,Duty Manager,False,True,corruption,2.44
llama3.2:3b,rail-join,rail,d1_self,False,True,2,Operations Lead,True,True,corruption,2.28
llama3.2:3b,rail-join,rail,d3_fresh,True,False,4,Duty Manager,False,True,source,2.54
llama3.2:3b,rail-join,rail,d3_self,True,True,4,Network Engineer,True,True,source,2.46
llama3.2:3b,rail-join,rail,d1pad_fresh,False,False,4,Duty Manager,False,True,source,2.34
llama3.2:3b,rail-diamond,rail,d1_fresh,False,False,2,Duty Manager,False,True,corruption,2.41
llama3.2:3b,rail-diamond,rail,d1_self,False,True,2,Operations Lead,True,True,corruption,2.31
llama3.2:3b,rail-diamond,rail,d3_fresh,True,False,4,Duty Manager,False,True,source,2.49
llama3.2:3b,rail-diamond,rail,d3_self,True,True,4,Network Engineer,True,True,source,2.53
llama3.2:3b,rail-diamond,rail,d1pad_fresh,False,False,4,Duty Manager,False,True,corruption,2.27
llama3.2:3b,rail-twochain,rail,d1_fresh,False,False,2,Duty Manager,False,True,corruption,2.43
llama3.2:3b,rail-twochain,rail,d1_self,False,True,2,Operations Lead,True,True,corruption,2.33
llama3.2:3b,rail-twochain,rail,d3_fresh,True,False,4,Duty Manager,False,True,corruption,2.5
llama3.2:3b,rail-twochain,rail,d3_self,True,True,4,Network Engineer,True,True,source,2.32
llama3.2:3b,rail-twochain,rail,d1pad_fresh,False,False,4,Duty Manager,False,True,corruption,2.28
llama3.2:3b,rail-star,rail,d1_fresh,False,False,2,Duty Manager,False,True,corruption,2.48
llama3.2:3b,rail-star,rail,d1_self,False,True,2,Operations Lead,True,True,corruption,2.45
llama3.2:3b,rail-star,rail,d3_fresh,True,False,4,Duty Manager,False,True,corruption,2.46
llama3.2:3b,rail-star,rail,d3_self,True,True,4,Network Engineer,True,True,corruption,2.53
llama3.2:3b,rail-star,rail,d1pad_fresh,False,False,4,Duty Manager,False,True,corruption,2.31
