transcript,selector,n_selected,selected_words,selected_ids,source_available,source_retrieved,retrieval_recall
exp\full_r1,recency,7,249,0|10|11|12|13|14|15,5,0,0.0
exp\full_r1,random,6,241,0|2|5|6|10|14,5,2,0.4
exp\full_r1,bm25,6,236,9|11|12|13|14|15,5,0,0.0
exp\full_r1,dense,6,245,4|6|8|12|14|15,5,1,0.2
exp\full_r1,fusion,6,245,4|6|8|12|14|15,5,1,0.2
exp\full_r1,oracle*,7,246,1|2|3|4|5|13|15,5,5,1.0
exp\full_r2,recency,7,249,0|10|11|12|13|14|15,5,0,0.0
exp\full_r2,random,6,241,0|2|5|6|10|14,5,2,0.4
exp\full_r2,bm25,6,236,9|11|12|13|14|15,5,0,0.0
exp\full_r2,dense,6,245,4|6|8|12|14|15,5,1,0.2
exp\full_r2,fusion,6,245,4|6|8|12|14|15,5,1,0.2
exp\full_r2,oracle*,7,246,1|2|3|4|5|13|15,5,5,1.0
exp\full_r3,recency,7,249,0|10|11|12|13|14|15,5,0,0.0
exp\full_r3,random,6,241,0|2|5|6|10|14,5,2,0.4
exp\full_r3,bm25,6,236,9|11|12|13|14|15,5,0,0.0
exp\full_r3,dense,6,245,4|6|8|12|14|15,5,1,0.2
exp\full_r3,fusion,6,245,4|6|8|12|14|15,5,1,0.2
exp\full_r3,oracle*,7,246,1|2|3|4|5|13|15,5,5,1.0
exp\recency-12_r1,recency,7,247,8|10|11|12|13|14|15,5,0,0.0
exp\recency-12_r1,random,6,235,0|2|5|6|10|14,5,2,0.4
exp\recency-12_r1,bm25,7,247,8|10|11|12|13|14|15,5,0,0.0
exp\recency-12_r1,dense,6,240,2|4|5|6|8|12,5,3,0.6
exp\recency-12_r1,fusion,7,246,2|4|5|6|8|13|15,5,3,0.6
exp\recency-12_r1,oracle*,7,232,1|2|3|4|5|13|15,5,5,1.0
exp\recency-12_r2,recency,7,247,8|10|11|12|13|14|15,5,0,0.0
exp\recency-12_r2,random,6,235,0|2|5|6|10|14,5,2,0.4
exp\recency-12_r2,bm25,7,247,8|10|11|12|13|14|15,5,0,0.0
exp\recency-12_r2,dense,6,240,2|4|5|6|8|12,5,3,0.6
exp\recency-12_r2,fusion,7,246,2|4|5|6|8|13|15,5,3,0.6
exp\recency-12_r2,oracle*,7,232,1|2|3|4|5|13|15,5,5,1.0
exp\recency-12_r3,recency,7,247,8|10|11|12|13|14|15,5,0,0.0
exp\recency-12_r3,random,6,235,0|2|5|6|10|14,5,2,0.4
exp\recency-12_r3,bm25,7,247,8|10|11|12|13|14|15,5,0,0.0
exp\recency-12_r3,dense,6,240,2|4|5|6|8|12,5,3,0.6
exp\recency-12_r3,fusion,7,246,2|4|5|6|8|13|15,5,3,0.6
exp\recency-12_r3,oracle*,7,232,1|2|3|4|5|13|15,5,5,1.0
exp\recency-4_r1,recency,4,242,7|13|14|15,5,0,0.0
exp\recency-4_r1,random,6,243,0|2|3|6|10|14,5,2,0.4
exp\recency-4_r1,bm25,4,232,7|12|13|15,5,0,0.0
exp\recency-4_r1,dense,5,232,2|4|7|13|15,5,2,0.4
exp\recency-4_r1,fusion,4,242,7|13|14|15,5,0,0.0
exp\recency-4_r1,oracle*,6,244,1|2|3|4|5|13,5,5,1.0
exp\recency-4_r2,recency,4,230,12|13|14|15,5,0,0.0
exp\recency-4_r2,random,6,240,0|2|3|6|10|14,5,2,0.4
exp\recency-4_r2,bm25,4,230,12|13|14|15,5,0,0.0
exp\recency-4_r2,dense,5,245,4|5|6|14|15,5,2,0.4
exp\recency-4_r2,fusion,5,245,4|5|6|14|15,5,2,0.4
exp\recency-4_r2,oracle*,6,246,1|2|3|4|5|15,5,5,1.0
exp\recency-4_r3,recency,5,243,0|12|13|14|15,5,0,0.0
exp\recency-4_r3,random,6,232,0|2|3|6|10|14,5,2,0.4
exp\recency-4_r3,bm25,5,245,7|10|13|14|15,5,0,0.0
exp\recency-4_r3,dense,6,245,2|4|6|7|10|15,5,2,0.4
exp\recency-4_r3,fusion,6,245,2|4|6|7|10|15,5,2,0.4
exp\recency-4_r3,oracle*,6,235,1|2|3|4|5|15,5,5,1.0
exp\recency-8_r1,recency,5,248,3|12|13|14|15,5,1,0.2
exp\recency-8_r1,random,6,246,0|2|5|6|10|14,5,2,0.4
exp\recency-8_r1,bm25,5,249,10|11|13|14|15,5,0,0.0
exp\recency-8_r1,dense,5,238,4|6|8|13|14,5,1,0.2
exp\recency-8_r1,fusion,5,247,4|9|13|14|15,5,1,0.2
exp\recency-8_r1,oracle*,6,233,1|2|3|4|5|15,5,5,1.0
exp\recency-8_r2,recency,5,248,3|12|13|14|15,5,1,0.2
exp\recency-8_r2,random,6,246,0|2|5|6|10|14,5,2,0.4
exp\recency-8_r2,bm25,5,249,10|11|13|14|15,5,0,0.0
exp\recency-8_r2,dense,5,238,4|6|8|13|14,5,1,0.2
exp\recency-8_r2,fusion,5,247,4|9|13|14|15,5,1,0.2
exp\recency-8_r2,oracle*,6,233,1|2|3|4|5|15,5,5,1.0
exp\recency-8_r3,recency,5,248,3|12|13|14|15,5,1,0.2
exp\recency-8_r3,random,6,246,0|2|5|6|10|14,5,2,0.4
exp\recency-8_r3,bm25,5,249,10|11|13|14|15,5,0,0.0
exp\recency-8_r3,dense,5,238,4|6|8|13|14,5,1,0.2
exp\recency-8_r3,fusion,5,247,4|9|13|14|15,5,1,0.2
exp\recency-8_r3,oracle*,6,233,1|2|3|4|5|15,5,5,1.0
pilot\oracle_r1,recency,6,233,10|11|12|13|14|15,5,0,0.0
pilot\oracle_r1,random,6,242,0|2|5|6|10|14,5,2,0.4
pilot\oracle_r1,bm25,6,232,6|7|11|13|14|15,5,0,0.0
pilot\oracle_r1,dense,6,234,2|4|6|9|14|15,5,2,0.4
pilot\oracle_r1,fusion,6,235,4|6|9|13|14|15,5,1,0.2
pilot\oracle_r1,oracle*,7,250,1|2|3|4|5|13|15,5,5,1.0
pilot\oracle_r2,recency,8,250,0|8|10|11|12|13|14|15,5,0,0.0
pilot\oracle_r2,random,7,226,0|2|5|6|8|10|14,5,2,0.4
pilot\oracle_r2,bm25,6,243,5|6|7|8|13|15,5,1,0.2
pilot\oracle_r2,dense,6,244,4|5|6|7|8|14,5,2,0.4
pilot\oracle_r2,fusion,7,250,2|4|6|7|8|14|15,5,2,0.4
pilot\oracle_r2,oracle*,8,247,1|2|3|4|5|8|11|15,5,5,1.0
pilot\oracle_r3,recency,6,249,6|11|12|13|14|15,5,0,0.0
pilot\oracle_r3,random,7,248,0|2|5|6|10|11|14,5,2,0.4
pilot\oracle_r3,bm25,5,238,9|10|11|13|15,5,0,0.0
pilot\oracle_r3,dense,6,249,2|6|7|10|11|15,5,1,0.2
pilot\oracle_r3,fusion,6,249,2|6|7|10|11|15,5,1,0.2
pilot\oracle_r3,oracle*,7,249,1|2|3|4|5|11|15,5,5,1.0
pilot\random_r1,recency,5,242,9|12|13|14|15,5,0,0.0
pilot\random_r1,random,7,230,0|2|3|6|9|10|14,5,2,0.4
pilot\random_r1,bm25,6,248,4|8|9|11|12|15,5,1,0.2
pilot\random_r1,dense,6,246,6|9|10|11|12|15,5,0,0.0
pilot\random_r1,fusion,6,248,4|8|9|11|12|15,5,1,0.2
pilot\random_r1,oracle*,7,233,1|2|3|4|5|9|15,5,5,1.0
pilot\random_r2,recency,8,245,0|8|10|11|12|13|8|15,5,0,0.0
pilot\random_r2,random,9,249,0|2|3|4|5|6|8|10|8,5,4,0.8
pilot\random_r2,bm25,7,245,7|8|10|12|13|8|15,5,0,0.0
pilot\random_r2,dense,7,242,7|8|9|10|12|8|15,5,0,0.0
pilot\random_r2,fusion,8,244,0|8|9|10|12|13|8|15,5,0,0.0
pilot\random_r2,oracle*,9,245,0|1|2|3|4|5|8|8|15,5,5,1.0
pilot\random_r3,recency,6,246,0|11|12|13|14|15,5,0,0.0
pilot\random_r3,random,6,247,0|2|5|6|10|14,5,2,0.4
pilot\random_r3,bm25,5,240,9|11|13|14|15,5,0,0.0
pilot\random_r3,dense,5,241,5|6|9|11|15,5,1,0.2
pilot\random_r3,fusion,5,241,5|6|9|11|15,5,1,0.2
pilot\random_r3,oracle*,7,244,0|1|2|3|4|5|15,5,5,1.0
pilot\recency_r1,recency,5,247,9|12|13|14|15,5,0,0.0
pilot\recency_r1,random,6,244,0|2|5|6|10|14,5,2,0.4
pilot\recency_r1,bm25,5,247,3|5|11|12|15,5,2,0.4
pilot\recency_r1,dense,6,244,0|4|6|7|8|15,5,1,0.2
pilot\recency_r1,fusion,6,244,0|4|6|7|8|15,5,1,0.2
pilot\recency_r1,oracle*,6,235,1|2|3|4|5|15,5,5,1.0
pilot\recency_r2,recency,5,241,4|12|13|14|15,5,1,0.2
pilot\recency_r2,random,6,233,0|2|3|6|10|14,5,2,0.4
pilot\recency_r2,bm25,5,233,3|7|13|14|15,5,1,0.2
pilot\recency_r2,dense,5,246,4|7|8|14|15,5,1,0.2
pilot\recency_r2,fusion,5,246,4|7|8|14|15,5,1,0.2
pilot\recency_r2,oracle*,6,237,1|2|3|4|5|15,5,5,1.0
pilot\recency_r3,recency,5,246,0|12|13|14|15,5,0,0.0
pilot\recency_r3,random,6,234,0|2|3|6|10|14,5,2,0.4
pilot\recency_r3,bm25,6,238,0|3|7|8|13|15,5,1,0.2
pilot\recency_r3,dense,6,243,0|3|5|6|7|15,5,2,0.4
pilot\recency_r3,fusion,6,243,0|3|5|6|7|15,5,2,0.4
pilot\recency_r3,oracle*,6,238,1|2|3|4|5|15,5,5,1.0
