transcript,selector,n_candidates,n_selected,history_words,current_words,selected_ids,source_available,source_retrieved,retrieval_recall
exp\full_r1,recency,15,6,242,33,9|10|11|12|13|14,5,0,0.0
exp\full_r1,random,15,6,240,33,0|5|6|10|13|14,5,1,0.2
exp\full_r1,bm25,15,6,242,33,8|9|11|12|13|14,5,0,0.0
exp\full_r1,dense,15,6,248,33,0|4|6|7|8|14,5,1,0.2
exp\full_r1,fusion,15,6,249,33,4|7|8|12|13|14,5,1,0.2
exp\full_r1,oracle*,15,6,238,33,1|2|3|4|5|14,5,5,1.0
exp\full_r2,recency,15,6,242,33,9|10|11|12|13|14,5,0,0.0
exp\full_r2,random,15,6,240,33,0|5|6|10|13|14,5,1,0.2
exp\full_r2,bm25,15,6,242,33,8|9|11|12|13|14,5,0,0.0
exp\full_r2,dense,15,6,248,33,0|4|6|7|8|14,5,1,0.2
exp\full_r2,fusion,15,6,249,33,4|7|8|12|13|14,5,1,0.2
exp\full_r2,oracle*,15,6,238,33,1|2|3|4|5|14,5,5,1.0
exp\full_r3,recency,15,6,242,33,9|10|11|12|13|14,5,0,0.0
exp\full_r3,random,15,6,240,33,0|5|6|10|13|14,5,1,0.2
exp\full_r3,bm25,15,6,242,33,8|9|11|12|13|14,5,0,0.0
exp\full_r3,dense,15,6,248,33,0|4|6|7|8|14,5,1,0.2
exp\full_r3,fusion,15,6,249,33,4|7|8|12|13|14,5,1,0.2
exp\full_r3,oracle*,15,6,238,33,1|2|3|4|5|14,5,5,1.0
exp\recency-12_r1,recency,15,6,234,21,9|10|11|12|13|14,5,0,0.0
exp\recency-12_r1,random,15,6,232,21,0|5|6|10|13|14,5,1,0.2
exp\recency-12_r1,bm25,15,7,247,21,0|8|10|11|12|13|14,5,0,0.0
exp\recency-12_r1,dense,15,6,240,21,2|4|5|6|8|12,5,3,0.6
exp\recency-12_r1,fusion,15,6,243,21,4|5|6|8|13|14,5,2,0.4
exp\recency-12_r1,oracle*,15,6,232,21,1|2|3|4|5|14,5,5,1.0
exp\recency-12_r2,recency,15,6,234,21,9|10|11|12|13|14,5,0,0.0
exp\recency-12_r2,random,15,6,232,21,0|5|6|10|13|14,5,1,0.2
exp\recency-12_r2,bm25,15,7,247,21,0|8|10|11|12|13|14,5,0,0.0
exp\recency-12_r2,dense,15,6,240,21,2|4|5|6|8|12,5,3,0.6
exp\recency-12_r2,fusion,15,6,243,21,4|5|6|8|13|14,5,2,0.4
exp\recency-12_r2,oracle*,15,6,232,21,1|2|3|4|5|14,5,5,1.0
exp\recency-12_r3,recency,15,6,234,21,9|10|11|12|13|14,5,0,0.0
exp\recency-12_r3,random,15,6,232,21,0|5|6|10|13|14,5,1,0.2
exp\recency-12_r3,bm25,15,7,247,21,0|8|10|11|12|13|14,5,0,0.0
exp\recency-12_r3,dense,15,6,240,21,2|4|5|6|8|12,5,3,0.6
exp\recency-12_r3,fusion,15,6,243,21,4|5|6|8|13|14,5,2,0.4
exp\recency-12_r3,oracle*,15,6,232,21,1|2|3|4|5|14,5,5,1.0
exp\recency-4_r1,recency,15,4,243,73,10|12|13|14,5,0,0.0
exp\recency-4_r1,random,15,5,244,73,0|6|10|13|14,5,0,0.0
exp\recency-4_r1,bm25,15,5,250,73,4|7|9|12|13,5,1,0.2
exp\recency-4_r1,dense,15,5,230,73,2|4|7|13|14,5,2,0.4
exp\recency-4_r1,fusion,15,5,230,73,2|4|7|13|14,5,2,0.4
exp\recency-4_r1,oracle*,15,6,244,73,1|2|3|4|5|13,5,5,1.0
exp\recency-4_r2,recency,15,4,239,61,11|12|13|14,5,0,0.0
exp\recency-4_r2,random,15,5,237,61,0|6|10|13|14,5,0,0.0
exp\recency-4_r2,bm25,15,5,249,61,6|7|12|13|14,5,0,0.0
exp\recency-4_r2,dense,15,5,245,61,4|5|6|10|14,5,2,0.4
exp\recency-4_r2,fusion,15,6,244,61,0|4|5|6|7|14,5,2,0.4
exp\recency-4_r2,oracle*,15,6,244,61,1|2|3|4|5|14,5,5,1.0
exp\recency-4_r3,recency,15,5,249,50,3|11|12|13|14,5,1,0.2
exp\recency-4_r3,random,15,6,247,50,0|3|6|10|13|14,5,1,0.2
exp\recency-4_r3,bm25,15,5,247,50,0|10|12|13|14,5,0,0.0
exp\recency-4_r3,dense,15,5,236,50,4|6|7|10|12,5,1,0.2
exp\recency-4_r3,fusion,15,5,250,50,2|7|10|12|14,5,1,0.2
exp\recency-4_r3,oracle*,15,6,243,50,1|2|3|4|5|14,5,5,1.0
exp\recency-8_r1,recency,15,5,248,48,4|11|12|13|14,5,1,0.2
exp\recency-8_r1,random,15,5,224,48,0|6|10|13|14,5,0,0.0
exp\recency-8_r1,bm25,15,5,248,48,9|10|11|13|14,5,0,0.0
exp\recency-8_r1,dense,15,5,238,48,4|6|8|13|14,5,1,0.2
exp\recency-8_r1,fusion,15,5,238,48,4|8|9|13|14,5,1,0.2
exp\recency-8_r1,oracle*,15,6,246,48,1|2|3|4|5|14,5,5,1.0
exp\recency-8_r2,recency,15,5,248,48,4|11|12|13|14,5,1,0.2
exp\recency-8_r2,random,15,5,224,48,0|6|10|13|14,5,0,0.0
exp\recency-8_r2,bm25,15,5,248,48,9|10|11|13|14,5,0,0.0
exp\recency-8_r2,dense,15,5,238,48,4|6|8|13|14,5,1,0.2
exp\recency-8_r2,fusion,15,5,238,48,4|8|9|13|14,5,1,0.2
exp\recency-8_r2,oracle*,15,6,246,48,1|2|3|4|5|14,5,5,1.0
exp\recency-8_r3,recency,15,5,248,48,4|11|12|13|14,5,1,0.2
exp\recency-8_r3,random,15,5,224,48,0|6|10|13|14,5,0,0.0
exp\recency-8_r3,bm25,15,5,248,48,9|10|11|13|14,5,0,0.0
exp\recency-8_r3,dense,15,5,238,48,4|6|8|13|14,5,1,0.2
exp\recency-8_r3,fusion,15,5,238,48,4|8|9|13|14,5,1,0.2
exp\recency-8_r3,oracle*,15,6,246,48,1|2|3|4|5|14,5,5,1.0
pilot\oracle_r1,recency,15,6,247,35,9|10|11|12|13|14,5,0,0.0
pilot\oracle_r1,random,15,6,243,35,0|5|6|10|13|14,5,1,0.2
pilot\oracle_r1,bm25,15,6,249,35,5|6|7|11|13|14,5,1,0.2
pilot\oracle_r1,dense,15,6,250,35,2|4|6|9|10|14,5,2,0.4
pilot\oracle_r1,fusion,15,6,248,35,6|9|10|11|13|14,5,0,0.0
pilot\oracle_r1,oracle*,15,6,230,35,1|2|3|4|5|14,5,5,1.0
pilot\oracle_r2,recency,15,7,246,29,8|9|10|11|12|13|14,5,0,0.0
pilot\oracle_r2,random,15,7,247,29,0|5|6|8|10|13|14,5,1,0.2
pilot\oracle_r2,bm25,15,6,243,29,3|5|6|7|8|13,5,2,0.4
pilot\oracle_r2,dense,15,6,244,29,4|5|6|7|8|14,5,2,0.4
pilot\oracle_r2,fusion,15,6,246,29,4|5|6|7|8|13,5,2,0.4
pilot\oracle_r2,oracle*,15,7,233,29,1|2|3|4|5|8|14,5,5,1.0
pilot\oracle_r3,recency,15,6,242,64,4|10|11|12|13|14,5,1,0.2
pilot\oracle_r3,random,15,7,248,64,0|3|6|10|11|13|14,5,1,0.2
pilot\oracle_r3,bm25,15,6,249,64,4|6|9|10|11|13,5,1,0.2
pilot\oracle_r3,dense,15,6,244,64,4|6|7|8|10|11,5,1,0.2
pilot\oracle_r3,fusion,15,6,242,64,4|6|7|9|10|11,5,1,0.2
pilot\oracle_r3,oracle*,15,8,241,64,0|1|2|3|4|5|11|14,5,5,1.0
pilot\random_r1,recency,15,5,232,48,9|10|12|13|14,5,0,0.0
pilot\random_r1,random,15,6,239,48,0|6|9|10|13|14,5,0,0.0
pilot\random_r1,bm25,15,6,238,48,4|8|9|10|11|12,5,1,0.2
pilot\random_r1,dense,15,6,248,48,0|6|9|11|12|13,5,0,0.0
pilot\random_r1,fusion,15,6,250,48,6|8|9|10|11|12,5,0,0.0
pilot\random_r1,oracle*,15,7,243,48,1|2|3|4|5|9|12,5,5,1.0
pilot\random_r2,recency,15,7,231,39,8|9|10|11|12|13|8,5,0,0.0
pilot\random_r2,random,15,8,237,39,0|3|5|6|8|10|13|8,5,2,0.4
pilot\random_r2,bm25,15,7,227,39,0|7|8|10|12|13|8,5,0,0.0
pilot\random_r2,dense,15,7,235,39,4|7|8|9|10|12|8,5,1,0.2
pilot\random_r2,fusion,15,7,242,39,4|7|8|9|12|13|8,5,1,0.2
pilot\random_r2,oracle*,15,8,234,39,1|2|3|4|5|8|13|8,5,5,1.0
pilot\random_r3,recency,15,5,230,38,10|11|12|13|14,5,0,0.0
pilot\random_r3,random,15,6,232,38,0|3|6|10|13|14,5,1,0.2
pilot\random_r3,bm25,15,5,245,38,9|10|11|13|14,5,0,0.0
pilot\random_r3,dense,15,5,235,38,4|5|6|9|11,5,2,0.4
pilot\random_r3,fusion,15,5,232,38,3|5|6|9|11,5,2,0.4
pilot\random_r3,oracle*,15,6,243,38,1|2|3|4|5|14,5,5,1.0
pilot\recency_r1,recency,15,5,246,50,4|11|12|13|14,5,1,0.2
pilot\recency_r1,random,15,6,242,50,0|3|6|10|13|14,5,1,0.2
pilot\recency_r1,bm25,15,5,237,50,3|5|9|11|12,5,2,0.4
pilot\recency_r1,dense,15,6,246,50,0|4|5|6|7|8,5,2,0.4
pilot\recency_r1,fusion,15,5,243,50,4|5|7|8|11,5,2,0.4
pilot\recency_r1,oracle*,15,6,233,50,1|2|3|4|5|14,5,5,1.0
pilot\recency_r2,recency,15,5,245,52,4|11|12|13|14,5,1,0.2
pilot\recency_r2,random,15,6,245,52,0|3|6|10|13|14,5,1,0.2
pilot\recency_r2,bm25,15,5,232,52,3|7|8|13|14,5,1,0.2
pilot\recency_r2,dense,15,5,241,52,4|6|7|8|14,5,1,0.2
pilot\recency_r2,fusion,15,5,241,52,4|6|7|8|14,5,1,0.2
pilot\recency_r2,oracle*,15,6,244,52,1|2|3|4|5|14,5,5,1.0
pilot\recency_r3,recency,15,5,249,53,0|11|12|13|14,5,0,0.0
pilot\recency_r3,random,15,6,250,53,0|3|6|10|13|14,5,1,0.2
pilot\recency_r3,bm25,15,6,237,53,0|2|5|7|8|13,5,2,0.4
pilot\recency_r3,dense,15,6,230,53,2|3|4|5|6|7,5,4,0.8
pilot\recency_r3,fusion,15,6,219,53,0|2|3|5|6|7,5,3,0.6
pilot\recency_r3,oracle*,15,6,247,53,1|2|3|4|5|14,5,5,1.0
